Empcode,Name,Department,DOJ,P,WO,H,L,Ab,DP,OT1,1,2,3,4,5,6,7,8,9,10,11,12,13,14,15,16,17,18,19,20,21,22,23,24,25,26,27,28,29,30,31
EMP001,John Doe,LINE 1,01-Jan-23,20,4,0,1,0,0,0,P,P,P,P,P,WO,P,P,P,P,P,WO,P,P,P,P,P,WO,P,P,P,P,P,WO,P,P,L,P,P,WO,P
EMP002,Meena Kumar,LINE 5,16-May-20,17,7,1,2,2,1,1,WO,Ab,P,P,WO,P,P,WO,DP,P,P,L,L,P,WO,P,P,P,P,H,WO,WO,OT1,P,P,P,Ab,P,WO,P,P
EMP002,Meena Kumar,LINE 5,16-May-20,15,4,0,1,5,1,2,P,P,P,Ab,WO,P,Ab,P,P,OT1,Ab,WO,DP,Ab,Ab,P,P,P,WO,P,P,P,OT1,P,L,WO,P,P,,,
EMP002,Meena Kumar,LINE 5,16-May-20,18,5,2,0,2,3,1,DP,OT1,P,H,WO,P,P,DP,P,P,H,WO,P,P,P,Ab,P,DP,WO,P,P,P,WO,P,P,WO,Ab,P,P,P,P
EMP002,Meena Kumar,LINE 5,16-May-20,14,6,2,1,3,2,2,P,WO,P,DP,P,H,P,P,WO,WO,P,P,L,P,P,WO,OT1,OT1,P,P,P,DP,WO,Ab,Ab,P,P,Ab,H,WO,
EMP002,Meena Kumar,LINE 5,16-May-20,18,6,1,2,2,1,1,P,OT1,WO,P,L,P,WO,WO,DP,P,P,P,P,WO,P,P,H,P,P,P,WO,P,Ab,Ab,P,P,P,WO,P,L,P
EMP002,Meena Kumar,LINE 5,16-May-20,16,4,1,2,7,0,0,P,H,P,WO,P,P,P,Ab,Ab,P,WO,Ab,P,P,P,P,Ab,WO,L,Ab,Ab,P,P,P,WO,L,Ab,P,P,P,
EMP002,Meena Kumar,LINE 5,16-May-20,11,5,1,6,6,1,1,Ab,WO,Ab,OT1,L,Ab,P,H,WO,P,DP,L,Ab,L,P,WO,L,P,Ab,Ab,P,L,WO,P,P,L,P,P,P,WO,P
EMP002,Meena Kumar,LINE 5,16-May-20,17,4,3,0,2,3,2,Ab,DP,P,P,P,WO,OT1,P,DP,P,OT1,P,WO,DP,P,P,P,H,P,WO,P,P,P,P,P,H,WO,P,Ab,P,H
EMP002,Meena Kumar,LINE 5,16-May-20,18,7,2,0,2,1,0,H,WO,WO,P,P,WO,P,P,Ab,WO,H,P,P,P,P,P,WO,P,P,DP,WO,Ab,P,WO,P,P,P,P,P,P,
EMP002,Meena Kumar,LINE 5,16-May-20,18,8,0,3,2,0,0,WO,WO,P,P,P,P,Ab,WO,L,P,P,P,P,P,WO,L,L,WO,P,P,P,WO,P,P,Ab,P,P,P,WO,P,WO
EMP002,Meena Kumar,LINE 5,16-May-20,14,6,1,3,3,2,1,P,P,WO,P,WO,L,L,P,P,P,DP,WO,P,P,P,Ab,P,L,WO,WO,OT1,P,DP,Ab,P,WO,H,P,Ab,P,
EMP002,Meena Kumar,LINE 5,16-May-20,20,6,2,1,2,0,0,Ab,H,WO,P,P,P,P,L,P,WO,P,P,P,P,P,P,WO,P,P,P,WO,H,P,WO,P,P,P,P,P,Ab,WO
EMP003,Manoj Gupta,LINE 2,17-Oct-22,18,7,1,2,2,1,0,WO,P,WO,Ab,L,P,P,WO,P,L,Ab,DP,P,H,WO,P,P,P,P,P,P,WO,P,WO,P,P,P,P,WO,P,P
EMP003,Manoj Gupta,LINE 2,17-Oct-22,16,6,0,4,1,0,1,P,P,P,P,WO,P,P,P,P,P,P,WO,L,P,L,Ab,P,P,WO,P,P,OT1,P,WO,L,WO,WO,L,,,
EMP003,Manoj Gupta,LINE 2,17-Oct-22,16,8,2,2,0,3,0,DP,P,P,P,WO,P,WO,P,P,WO,L,WO,P,P,H,P,L,DP,WO,P,P,P,WO,DP,P,WO,H,P,WO,P,P
EMP003,Manoj Gupta,LINE 2,17-Oct-22,13,5,2,5,2,2,1,L,WO,Ab,P,P,OT1,L,P,WO,P,P,P,P,Ab,L,WO,P,DP,P,L,H,P,WO,H,DP,P,L,P,P,WO,
EMP003,Manoj Gupta,LINE 2,17-Oct-22,15,5,3,2,5,1,0,P,H,P,Ab,Ab,P,WO,Ab,P,P,P,P,P,WO,Ab,P,P,L,P,Ab,WO,H,P,P,DP,P,H,WO,P,L,WO
EMP003,Manoj Gupta,LINE 2,17-Oct-22,19,5,3,2,0,0,1,P,P,L,WO,P,P,WO,P,P,P,WO,P,P,H,P,H,P,WO,P,P,P,P,P,L,WO,P,P,P,H,OT1,
EMP003,Manoj Gupta,LINE 2,17-Oct-22,20,6,0,1,2,1,1,P,WO,P,P,P,P,P,P,WO,P,P,OT1,P,WO,P,WO,Ab,P,Ab,P,P,P,WO,P,P,DP,P,L,P,WO,P
EMP003,Manoj Gupta,LINE 2,17-Oct-22,19,5,1,2,1,1,2,P,P,P,P,P,WO,OT1,P,L,P,L,P,WO,P,P,P,Ab,OT1,P,WO,P,P,H,DP,P,P,WO,WO,P,P,P
EMP003,Manoj Gupta,LINE 2,17-Oct-22,16,6,3,2,2,1,0,P,P,WO,P,P,P,H,H,P,WO,WO,Ab,L,P,WO,DP,WO,P,P,P,Ab,L,P,WO,P,P,H,P,P,P,
EMP003,Manoj Gupta,LINE 2,17-Oct-22,15,9,0,1,2,3,1,WO,WO,WO,DP,P,P,P,WO,P,P,P,P,P,DP,WO,Ab,P,DP,OT1,WO,P,WO,P,L,P,WO,Ab,P,WO,P,P
EMP003,Manoj Gupta,LINE 2,17-Oct-22,17,7,0,2,1,1,2,P,P,P,P,WO,WO,Ab,P,WO,P,DP,WO,L,P,P,P,P,OT1,WO,P,P,OT1,WO,P,P,WO,P,P,L,P,
EMP003,Manoj Gupta,LINE 2,17-Oct-22,16,6,1,1,4,0,3,L,P,WO,P,Ab,P,WO,P,OT1,WO,P,P,P,P,P,P,WO,OT1,Ab,P,P,Ab,P,WO,H,P,P,Ab,OT1,P,WO
EMP004,Arun Verma,LINE 10,14-May-21,18,6,0,2,3,1,1,WO,P,P,Ab,P,Ab,Ab,WO,P,L,P,DP,P,L,WO,P,P,P,OT1,P,P,WO,P,P,P,P,P,P,WO,P,WO
EMP004,Arun Verma,LINE 10,14-May-21,13,6,3,3,2,0,1,P,P,L,P,WO,H,H,L,P,WO,L,WO,OT1,P,P,P,P,Ab,WO,Ab,P,P,P,H,P,WO,WO,P,,,
EMP004,Arun Verma,LINE 10,14-May-21,13,6,2,1,7,1,1,P,DP,P,WO,WO,P,Ab,Ab,Ab,P,P,WO,H,L,Ab,P,P,P,WO,Ab,OT1,H,P,P,P,WO,Ab,P,WO,Ab,P
EMP004,Arun Verma,LINE 10,14-May-21,18,6,0,3,3,0,0,L,WO,P,P,P,P,P,L,WO,P,P,Ab,P,P,Ab,WO,P,P,P,P,P,L,WO,Ab,WO,P,P,P,P,WO,
EMP004,Arun Verma,LINE 10,14-May-21,19,6,1,1,2,0,2,P,P,P,Ab,P,P,WO,P,P,P,P,OT1,P,WO,OT1,WO,P,P,WO,H,WO,P,P,P,Ab,P,L,WO,P,P,P
EMP004,Arun Verma,LINE 10,14-May-21,14,6,3,2,4,0,1,P,WO,H,WO,WO,Ab,P,Ab,P,P,WO,P,P,H,P,P,H,WO,P,P,P,OT1,P,Ab,WO,Ab,P,L,P,L,
EMP004,Arun Verma,LINE 10,14-May-21,12,7,2,3,2,4,1,H,WO,P,P,DP,P,DP,Ab,WO,H,OT1,DP,L,P,L,WO,P,P,P,WO,WO,P,WO,L,DP,P,P,P,Ab,WO,P
EMP004,Arun Verma,LINE 10,14-May-21,17,5,2,1,3,3,0,Ab,P,P,L,Ab,WO,P,P,P,DP,P,P,WO,P,Ab,P,P,WO,H,WO,DP,P,H,P,P,P,WO,P,P,DP,P
EMP004,Arun Verma,LINE 10,14-May-21,18,6,0,2,2,1,1,P,P,WO,DP,Ab,P,WO,P,OT1,WO,P,P,P,P,Ab,P,WO,WO,P,P,P,L,P,WO,P,P,P,L,P,P,
EMP004,Arun Verma,LINE 10,14-May-21,18,6,2,2,3,0,0,WO,Ab,P,P,Ab,P,Ab,WO,P,P,P,P,WO,P,WO,P,L,P,P,P,P,WO,H,P,H,P,L,P,WO,P,P
EMP004,Arun Verma,LINE 10,14-May-21,19,5,0,1,2,2,1,DP,P,L,Ab,WO,P,P,DP,P,P,P,WO,WO,P,Ab,P,P,P,WO,P,P,P,P,P,OT1,WO,P,P,P,P,
EMP004,Arun Verma,LINE 10,14-May-21,16,7,3,2,3,0,0,H,Ab,WO,WO,L,H,P,P,P,WO,P,P,P,P,P,WO,WO,P,P,Ab,P,Ab,P,WO,P,H,L,P,P,P,WO
EMP005,Rahul Kumar,LINE 2,23-Mar-20,14,7,1,4,3,1,1,WO,P,P,P,WO,L,Ab,WO,H,DP,P,P,P,P,WO,WO,P,P,Ab,P,L,WO,P,L,Ab,OT1,L,P,WO,P,P
EMP005,Rahul Kumar,LINE 2,23-Mar-20,17,4,3,2,2,0,0,Ab,L,P,P,WO,H,P,P,P,Ab,P,WO,P,P,P,P,H,P,WO,P,P,P,H,L,P,WO,P,P,,,
EMP005,Rahul Kumar,LINE 2,23-Mar-20,21,8,1,1,0,0,0,P,P,WO,P,WO,WO,P,P,P,L,P,WO,P,P,WO,P,WO,P,WO,P,P,P,P,P,P,WO,P,P,P,H,P
EMP005,Rahul Kumar,LINE 2,23-Mar-20,14,5,2,2,7,0,0,P,WO,H,P,Ab,L,P,Ab,WO,P,P,Ab,Ab,P,P,WO,H,P,P,P,P,L,WO,P,Ab,Ab,P,Ab,P,WO,
EMP005,Rahul Kumar,LINE 2,23-Mar-20,18,5,1,6,1,0,0,P,P,P,P,P,P,WO,P,P,P,P,Ab,P,WO,H,L,L,P,P,P,WO,P,L,WO,P,L,P,WO,L,L,P
EMP005,Rahul Kumar,LINE 2,23-Mar-20,19,4,0,1,6,0,0,Ab,P,P,WO,P,Ab,P,P,P,P,WO,P,P,P,P,P,P,WO,P,Ab,P,Ab,Ab,P,WO,P,P,P,L,Ab,
EMP005,Rahul Kumar,LINE 2,23-Mar-20,21,6,1,2,1,0,0,P,WO,L,WO,P,P,P,P,WO,P,Ab,P,H,P,P,WO,P,P,P,P,P,P,WO,P,P,P,P,L,P,WO,P
EMP005,Rahul Kumar,LINE 2,23-Mar-20,13,9,2,3,2,2,0,P,WO,P,H,WO,WO,Ab,Ab,P,P,P,P,WO,DP,WO,P,P,DP,P,WO,P,L,L,WO,L,H,WO,WO,P,P,P
EMP005,Rahul Kumar,LINE 2,23-Mar-20,17,4,0,4,4,1,0,P,P,WO,P,P,DP,P,P,P,WO,P,Ab,P,L,Ab,Ab,WO,P,P,L,P,P,P,WO,Ab,L,L,P,P,P,
EMP005,Rahul Kumar,LINE 2,23-Mar-20,16,6,1,3,2,2,1,WO,WO,P,P,P,H,P,WO,P,P,L,P,Ab,P,WO,DP,OT1,P,P,P,P,WO,DP,L,L,P,P,P,WO,Ab,P
EMP005,Rahul Kumar,LINE 2,23-Mar-20,17,4,0,2,4,2,1,P,Ab,Ab,P,WO,L,P,Ab,P,P,DP,WO,P,P,P,P,P,P,WO,P,OT1,P,P,DP,Ab,WO,P,L,P,P,
EMP005,Rahul Kumar,LINE 2,23-Mar-20,19,6,2,2,2,0,0,L,WO,WO,P,H,P,P,P,P,WO,Ab,P,H,P,P,P,WO,P,P,P,L,P,P,WO,Ab,P,P,P,P,P,WO
EMP006,Manoj Kumar,LINE 9,12-Feb-20,18,6,2,2,0,0,3,WO,P,P,P,P,WO,P,WO,OT1,P,P,P,OT1,P,WO,P,P,P,OT1,P,P,WO,L,P,H,P,L,H,WO,P,P
EMP006,Manoj Kumar,LINE 9,12-Feb-20,15,5,0,6,0,1,1,P,L,P,L,WO,P,WO,P,L,P,L,WO,P,P,P,P,P,DP,WO,P,OT1,P,P,L,P,WO,P,L,,,
EMP006,Manoj Kumar,LINE 9,12-Feb-20,16,6,2,2,4,0,1,Ab,P,P,P,WO,Ab,H,Ab,P,OT1,P,WO,P,Ab,P,L,H,P,WO,P,L,P,P,P,WO,WO,P,P,P,WO,P
EMP006,Manoj Kumar,LINE 9,12-Feb-20,14,7,0,3,1,3,2,P,WO,Ab,P,OT1,P,OT1,DP,WO,P,P,P,L,WO,DP,WO,P,P,L,P,P,L,WO,P,P,P,P,WO,DP,WO,
EMP006,Manoj Kumar,LINE 9,12-Feb-20,19,5,1,1,4,0,1,P,L,P,P,P,P,WO,P,P,H,P,P,P,WO,P,P,P,OT1,P,Ab,WO,P,P,Ab,P,Ab,P,WO,P,WO,Ab
EMP006,Manoj Kumar,LINE 9,12-Feb-20,17,4,2,3,3,0,1,P,P,P,WO,P,Ab,Ab,H,Ab,P,WO,L,P,P,P,P,L,WO,P,P,P,L,P,P,WO,P,P,OT1,H,P,
EMP006,Manoj Kumar,LINE 9,12-Feb-20,14,6,1,3,4,2,1,L,WO,L,P,OT1,P,P,WO,WO,P,Ab,L,P,P,DP,WO,P,Ab,P,P,P,P,WO,P,H,P,DP,Ab,Ab,WO,P
EMP006,Manoj Kumar,LINE 9,12-Feb-20,19,6,1,2,1,2,0,P,P,P,P,P,WO,P,P,DP,P,WO,H,WO,P,Ab,P,L,P,P,WO,P,P,WO,L,P,P,WO,P,P,P,DP
EMP006,Manoj Kumar,LINE 9,12-Feb-20,20,5,2,1,1,0,1,P,L,WO,WO,P,P,P,P,P,WO,P,P,P,H,H,Ab,WO,OT1,P,P,P,P,P,WO,P,P,P,P,P,P,
EMP006,Manoj Kumar,LINE 9,12-Feb-20,18,6,0,1,4,2,0,WO,P,Ab,P,P,P,P,WO,L,P,P,P,P,P,WO,DP,P,DP,P,P,P,WO,P,Ab,WO,P,P,Ab,WO,P,Ab
EMP006,Manoj Kumar,LINE 9,12-Feb-20,17,5,1,4,0,1,2,H,L,P,P,WO,P,P,P,P,P,L,WO,P,OT1,WO,P,OT1,P,WO,L,P,DP,L,P,P,WO,P,P,P,P,
EMP006,Manoj Kumar,LINE 9,12-Feb-20,15,7,3,3,0,1,2,P,P,WO,P,P,P,P,P,OT1,WO,H,P,P,L,P,H,WO,P,L,P,WO,OT1,P,WO,L,H,WO,P,P,DP,WO
EMP007,Arun Mishra,LINE 4,08-Jul-21,15,7,2,3,3,1,0,WO,L,L,P,H,P,P,WO,P,P,Ab,P,WO,P,WO,DP,P,P,P,P,WO,WO,P,L,Ab,Ab,H,P,WO,P,P
EMP007,Arun Mishra,LINE 4,08-Jul-21,17,6,2,1,1,0,1,P,WO,P,P,WO,P,Ab,P,P,L,H,WO,P,WO,P,P,P,P,WO,P,OT1,P,P,P,H,WO,P,P,,,
EMP007,Arun Mishra,LINE 4,08-Jul-21,16,7,1,3,0,3,1,DP,L,P,P,WO,WO,P,OT1,L,DP,L,WO,P,P,H,P,P,P,WO,P,P,P,DP,WO,P,WO,P,P,P,WO,P
EMP007,Arun Mishra,LINE 4,08-Jul-21,15,5,2,1,4,3,0,P,WO,P,P,H,P,L,P,WO,P,Ab,P,DP,Ab,P,WO,P,DP,P,P,Ab,P,WO,P,P,H,DP,Ab,P,WO,
EMP007,Arun Mishra,LINE 4,08-Jul-21,16,4,0,0,5,3,3,Ab,P,Ab,OT1,P,P,WO,DP,DP,Ab,Ab,P,P,WO,P,OT1,P,OT1,P,P,WO,DP,Ab,P,P,P,P,WO,P,P,P
EMP007,Arun Mishra,LINE 4,08-Jul-21,14,7,2,4,2,1,0,H,L,P,WO,L,P,Ab,Ab,L,P,WO,P,WO,P,P,P,P,WO,P,P,L,DP,P,H,WO,P,WO,WO,P,P,
EMP007,Arun Mishra,LINE 4,08-Jul-21,19,6,2,1,3,0,0,P,WO,P,P,Ab,H,P,P,WO,Ab,P,P,P,P,P,WO,H,P,P,P,P,P,WO,WO,P,P,L,Ab,P,WO,P
EMP007,Arun Mishra,LINE 4,08-Jul-21,21,4,3,3,0,0,0,H,P,P,P,P,WO,P,P,P,P,P,P,WO,P,P,P,P,L,P,WO,P,P,P,P,L,H,WO,P,L,H,P
EMP007,Arun Mishra,LINE 4,08-Jul-21,14,7,0,2,2,2,3,P,P,WO,P,OT1,DP,P,DP,P,WO,P,L,L,OT1,P,P,WO,OT1,P,Ab,Ab,P,WO,WO,WO,P,WO,P,P,P,
EMP007,Arun Mishra,LINE 4,08-Jul-21,17,6,3,3,1,1,0,WO,P,H,P,P,P,P,WO,WO,P,P,L,P,P,WO,P,DP,H,P,L,P,WO,L,Ab,P,P,P,P,WO,P,H
EMP007,Arun Mishra,LINE 4,08-Jul-21,17,6,2,1,3,1,0,P,H,P,P,WO,P,Ab,P,P,P,L,WO,H,P,P,WO,P,P,WO,P,WO,P,P,P,DP,WO,Ab,Ab,P,P,
EMP007,Arun Mishra,LINE 4,08-Jul-21,14,6,1,3,4,2,1,P,OT1,WO,DP,WO,L,P,P,P,WO,P,L,P,Ab,P,H,WO,L,Ab,P,DP,P,P,WO,P,P,P,Ab,Ab,P,WO
EMP008,Vanitha Mehta,LINE 1,23-Nov-19,14,6,2,2,3,3,1,WO,H,P,P,WO,P,Ab,WO,P,L,H,P,P,Ab,WO,P,DP,P,DP,DP,P,WO,OT1,P,P,P,P,Ab,WO,P,L
EMP008,Vanitha Mehta,LINE 1,23-Nov-19,19,4,0,0,3,1,1,P,P,P,P,WO,P,P,P,OT1,P,Ab,WO,Ab,P,P,P,P,P,WO,P,DP,P,P,P,P,WO,P,Ab,,,
EMP008,Vanitha Mehta,LINE 1,23-Nov-19,14,7,2,3,3,2,0,P,WO,WO,P,WO,L,DP,P,P,P,L,WO,P,H,P,Ab,P,P,WO,P,P,Ab,DP,WO,L,WO,P,Ab,P,H,P
EMP008,Vanitha Mehta,LINE 1,23-Nov-19,18,7,0,3,1,0,1,P,WO,P,P,WO,P,P,P,WO,P,P,P,P,P,OT1,WO,P,L,WO,L,Ab,P,WO,P,P,P,P,L,P,WO,
EMP008,Vanitha Mehta,LINE 1,23-Nov-19,18,6,0,2,4,0,1,P,P,P,P,OT1,P,WO,WO,Ab,WO,Ab,L,P,WO,P,P,P,P,P,P,WO,P,L,P,Ab,P,P,WO,P,P,Ab
EMP008,Vanitha Mehta,LINE 1,23-Nov-19,14,4,2,2,6,1,1,Ab,P,P,WO,P,Ab,Ab,P,P,Ab,WO,P,DP,P,L,H,P,WO,P,P,P,Ab,P,Ab,WO,P,L,P,OT1,H,
EMP008,Vanitha Mehta,LINE 1,23-Nov-19,14,7,2,3,1,2,2,P,WO,OT1,P,P,Ab,P,L,WO,DP,P,L,P,P,OT1,WO,P,P,DP,P,WO,WO,WO,P,P,L,H,P,P,WO,H
EMP008,Vanitha Mehta,LINE 1,23-Nov-19,23,4,1,0,2,0,1,P,H,P,P,P,WO,P,P,P,P,P,P,WO,P,P,P,P,P,P,WO,P,P,P,P,P,Ab,WO,Ab,OT1,P,P
EMP008,Vanitha Mehta,LINE 1,23-Nov-19,21,4,0,2,1,1,1,P,P,WO,P,P,P,P,P,P,WO,P,P,P,P,P,P,WO,P,P,DP,P,P,L,WO,P,P,L,Ab,OT1,P,
EMP008,Vanitha Mehta,LINE 1,23-Nov-19,17,8,1,1,0,4,0,WO,P,DP,P,P,DP,DP,WO,P,WO,P,P,P,P,WO,L,P,P,P,P,P,WO,WO,P,DP,P,H,P,WO,P,WO
EMP008,Vanitha Mehta,LINE 1,23-Nov-19,14,7,1,5,2,0,1,L,L,P,P,WO,P,P,WO,H,L,P,WO,OT1,P,P,P,Ab,WO,WO,P,L,P,Ab,P,P,WO,P,L,WO,P,
EMP008,Vanitha Mehta,LINE 1,23-Nov-19,19,6,0,2,0,3,1,P,P,WO,OT1,WO,P,L,DP,P,WO,P,P,P,P,P,P,WO,P,P,L,P,P,P,WO,P,P,P,DP,P,DP,WO
EMP009,Geetha Shah,LINE 5,15-Nov-19,20,7,0,1,1,1,1,WO,P,P,P,P,P,P,WO,P,WO,P,P,L,P,WO,Ab,P,WO,P,OT1,P,WO,P,P,P,DP,P,P,WO,P,P
EMP009,Geetha Shah,LINE 5,15-Nov-19,19,4,1,2,2,0,0,P,P,P,P,WO,P,P,H,P,L,L,WO,P,P,Ab,P,P,P,WO,P,Ab,P,P,P,P,WO,P,P,,,
EMP009,Geetha Shah,LINE 5,15-Nov-19,21,6,1,1,1,0,1,Ab,P,L,H,WO,P,P,P,P,P,P,WO,P,WO,P,P,P,P,WO,P,P,WO,P,OT1,P,WO,P,P,P,P,P
EMP009,Geetha Shah,LINE 5,15-Nov-19,17,6,1,4,1,1,0,P,WO,P,P,L,DP,P,P,WO,WO,P,Ab,P,P,P,WO,L,P,P,P,P,P,WO,H,L,P,P,P,L,WO,
EMP009,Geetha Shah,LINE 5,15-Nov-19,15,4,2,6,1,0,3,L,P,L,P,H,P,WO,OT1,P,Ab,L,P,OT1,WO,P,P,L,P,OT1,L,WO,P,L,P,P,H,P,WO,P,P,P
EMP009,Geetha Shah,LINE 5,15-Nov-19,12,6,2,3,4,1,2,P,P,P,WO,P,P,P,H,P,P,WO,Ab,OT1,WO,P,DP,L,WO,Ab,OT1,Ab,P,Ab,P,WO,H,L,L,WO,P,
EMP009,Geetha Shah,LINE 5,15-Nov-19,19,6,2,1,1,2,0,P,WO,P,P,P,P,Ab,P,WO,P,P,DP,P,DP,P,WO,P,L,H,H,P,WO,WO,P,P,P,P,P,P,WO,P
EMP009,Geetha Shah,LINE 5,15-Nov-19,18,7,0,2,2,2,0,L,P,P,P,P,WO,P,WO,P,P,L,P,WO,P,Ab,P,P,DP,P,WO,WO,P,P,P,DP,P,WO,WO,P,P,Ab
EMP009,Geetha Shah,LINE 5,15-Nov-19,16,8,2,2,1,0,1,P,P,WO,P,WO,P,WO,H,P,WO,P,P,P,WO,P,WO,WO,L,OT1,P,P,P,P,WO,H,P,P,Ab,P,L,
EMP009,Geetha Shah,LINE 5,15-Nov-19,18,7,1,2,1,1,1,WO,L,P,OT1,P,P,P,WO,WO,P,H,P,P,P,WO,WO,Ab,P,P,L,P,WO,P,DP,P,P,P,P,WO,P,P
EMP009,Geetha Shah,LINE 5,15-Nov-19,14,7,1,1,3,2,2,P,L,WO,Ab,WO,WO,P,P,P,H,P,WO,P,Ab,DP,P,P,P,WO,P,P,OT1,OT1,DP,P,WO,Ab,P,P,WO,
EMP009,Geetha Shah,LINE 5,15-Nov-19,19,5,1,4,1,1,0,L,DP,WO,L,P,P,P,P,P,WO,L,P,P,P,P,H,WO,P,P,P,P,P,P,WO,P,L,P,P,P,Ab,WO
EMP010,Pooja Shah,LINE 2,09-Jul-19,13,7,6,2,2,1,0,WO,WO,P,WO,H,Ab,P,WO,P,P,P,P,P,H,WO,H,P,H,H,P,DP,WO,P,L,H,P,P,L,WO,P,Ab
EMP010,Pooja Shah,LINE 2,09-Jul-19,19,4,2,2,1,0,0,L,P,L,P,WO,P,H,P,P,P,P,WO,P,P,P,P,P,P,WO,H,P,P,P,Ab,P,WO,P,P,,,
EMP010,Pooja Shah,LINE 2,09-Jul-19,17,4,2,1,4,2,1,P,DP,Ab,P,WO,Ab,H,P,P,P,H,WO,P,P,P,P,Ab,P,WO,L,OT1,DP,P,P,P,WO,Ab,P,P,P,P
EMP010,Pooja Shah,LINE 2,09-Jul-19,16,6,1,2,4,1,0,P,WO,P,P,P,P,P,L,WO,P,Ab,L,P,P,P,WO,P,P,Ab,Ab,DP,P,WO,WO,Ab,H,P,P,P,WO,
EMP010,Pooja Shah,LINE 2,09-Jul-19,16,4,4,2,2,1,2,P,P,OT1,H,P,Ab,WO,Ab,P,H,P,OT1,P,WO,P,P,L,P,P,P,WO,DP,P,P,P,L,H,WO,H,P,P
EMP010,Pooja Shah,LINE 2,09-Jul-19,19,7,0,2,1,1,0,P,P,L,WO,P,P,P,P,P,P,WO,DP,P,P,P,P,P,WO,WO,L,WO,P,Ab,P,WO,P,P,P,P,WO,
EMP010,Pooja Shah,LINE 2,09-Jul-19,18,5,1,3,2,0,2,P,WO,OT1,P,P,P,H,P,WO,P,L,P,P,Ab,OT1,WO,P,L,P,P,P,P,WO,P,L,P,P,Ab,P,WO,P
EMP010,Pooja Shah,LINE 2,09-Jul-19,21,5,0,2,3,0,0,Ab,L,P,P,P,WO,P,P,L,P,P,WO,WO,P,P,P,P,Ab,P,WO,P,P,P,P,P,P,WO,P,P,P,Ab
EMP010,Pooja Shah,LINE 2,09-Jul-19,14,5,0,5,2,0,4,P,P,WO,L,L,OT1,L,P,P,WO,P,Ab,P,P,P,P,WO,P,Ab,L,P,OT1,P,WO,L,OT1,OT1,P,WO,P,
EMP010,Pooja Shah,LINE 2,09-Jul-19,12,6,1,3,6,1,2,WO,L,Ab,P,OT1,P,Ab,WO,L,P,Ab,Ab,P,P,WO,L,WO,Ab,P,H,DP,WO,P,P,P,OT1,Ab,P,WO,P,P
EMP010,Pooja Shah,LINE 2,09-Jul-19,16,4,1,1,6,2,0,P,P,P,P,WO,P,Ab,P,P,H,Ab,WO,Ab,P,P,P,Ab,L,WO,Ab,Ab,DP,P,DP,P,WO,P,P,P,P,
EMP010,Pooja Shah,LINE 2,09-Jul-19,11,7,1,2,2,7,1,DP,L,WO,DP,P,P,DP,WO,Ab,WO,L,P,P,P,P,WO,WO,P,H,DP,DP,P,OT1,WO,DP,P,P,Ab,DP,P,WO
EMP011,Harish Singh,LINE 6,05-Dec-20,17,5,3,0,3,2,1,WO,P,DP,P,H,P,OT1,WO,P,Ab,P,H,P,Ab,WO,P,P,P,P,P,P,WO,P,P,H,DP,Ab,P,WO,P,P
EMP011,Harish Singh,LINE 6,05-Dec-20,16,6,1,0,3,2,0,P,P,Ab,WO,WO,WO,P,P,Ab,P,P,WO,DP,P,P,P,H,P,WO,Ab,P,P,P,P,P,WO,DP,P,,,
EMP011,Harish Singh,LINE 6,05-Dec-20,20,6,2,0,3,0,0,Ab,P,P,P,WO,P,WO,H,H,P,P,WO,P,P,P,Ab,P,P,WO,P,P,WO,P,P,P,WO,P,P,P,Ab,P
EMP011,Harish Singh,LINE 6,05-Dec-20,18,7,0,2,2,0,1,P,WO,P,WO,P,P,P,Ab,WO,P,P,P,P,P,P,WO,P,L,WO,P,P,P,WO,OT1,P,P,Ab,L,P,WO,
EMP011,Harish Singh,LINE 6,05-Dec-20,13,5,1,3,5,0,4,P,Ab,P,Ab,P,P,WO,Ab,H,P,Ab,L,WO,WO,P,P,L,P,OT1,OT1,WO,L,P,P,OT1,P,OT1,WO,P,Ab,P
EMP011,Harish Singh,LINE 6,05-Dec-20,19,4,0,2,4,1,0,Ab,Ab,P,WO,P,P,P,P,P,Ab,WO,L,P,P,P,P,P,WO,P,L,DP,Ab,P,P,WO,P,P,P,P,P,
EMP011,Harish Singh,LINE 6,05-Dec-20,16,7,1,2,4,0,1,P,WO,P,P,P,P,P,WO,WO,P,Ab,P,P,H,Ab,WO,Ab,P,L,P,P,P,WO,WO,P,Ab,P,OT1,P,WO,L
EMP011,Harish Singh,LINE 6,05-Dec-20,15,4,2,4,6,0,0,P,P,P,P,P,WO,L,H,L,Ab,L,P,WO,P,P,P,P,Ab,Ab,WO,P,P,Ab,Ab,P,P,WO,Ab,H,P,L
EMP011,Harish Singh,LINE 6,05-Dec-20,18,6,1,1,3,1,0,P,P,WO,P,P,P,P,P,Ab,WO,P,P,P,Ab,H,WO,WO,P,P,P,P,DP,Ab,WO,P,WO,P,P,P,L,
EMP011,Harish Singh,LINE 6,05-Dec-20,18,7,0,3,2,1,0,WO,L,P,Ab,P,P,P,WO,P,L,P,DP,P,P,WO,P,P,P,P,WO,L,WO,P,P,P,WO,Ab,P,WO,P,P
EMP011,Harish Singh,LINE 6,05-Dec-20,12,7,3,3,3,0,2,P,P,P,OT1,WO,P,Ab,P,H,Ab,P,WO,P,L,Ab,L,L,P,WO,WO,WO,H,WO,OT1,P,WO,P,P,P,H,
EMP011,Harish Singh,LINE 6,05-Dec-20,14,7,2,4,4,0,0,P,P,WO,H,P,P,L,Ab,WO,WO,P,Ab,Ab,Ab,P,P,WO,P,P,L,L,P,WO,WO,P,P,P,H,P,L,WO
EMP012,Girish Mehta,LINE 1,29-Jul-21,17,5,1,1,6,1,0,WO,P,P,P,Ab,P,Ab,WO,P,DP,P,Ab,P,Ab,WO,P,P,P,Ab,P,P,WO,P,P,Ab,P,P,H,WO,L,P
EMP012,Girish Mehta,LINE 1,29-Jul-21,18,5,0,3,1,1,0,P,P,P,P,WO,P,L,P,L,P,L,WO,P,P,P,P,DP,P,WO,P,P,P,P,P,Ab,WO,P,WO,,,
EMP012,Girish Mehta,LINE 1,29-Jul-21,17,5,3,1,3,1,1,P,P,WO,P,WO,P,P,P,P,L,P,WO,P,H,P,P,Ab,OT1,WO,P,Ab,P,P,DP,Ab,WO,P,P,H,P,H
EMP012,Girish Mehta,LINE 1,29-Jul-21,16,12,0,0,1,0,1,P,WO,P,P,WO,P,Ab,P,WO,P,P,OT1,WO,WO,P,WO,WO,P,P,P,P,P,WO,WO,P,P,WO,WO,P,WO,
EMP012,Girish Mehta,LINE 1,29-Jul-21,19,6,2,0,3,1,0,P,P,Ab,P,H,P,WO,P,P,P,P,P,P,WO,P,H,P,P,P,P,WO,DP,P,P,WO,Ab,Ab,WO,WO,P,P
EMP012,Girish Mehta,LINE 1,29-Jul-21,18,5,2,2,2,0,1,P,H,P,WO,P,P,OT1,P,P,P,WO,P,P,P,L,P,H,WO,P,L,P,Ab,WO,P,WO,P,P,P,Ab,P,
EMP012,Girish Mehta,LINE 1,29-Jul-21,14,8,0,4,2,2,1,L,WO,P,P,DP,P,P,Ab,WO,L,P,L,P,WO,P,WO,DP,P,P,P,L,WO,WO,P,P,P,P,WO,Ab,WO,OT1
EMP012,Girish Mehta,LINE 1,29-Jul-21,16,8,2,1,2,0,2,P,Ab,P,P,P,WO,P,P,H,WO,L,P,WO,P,OT1,WO,P,P,H,WO,P,WO,P,P,WO,P,WO,Ab,P,OT1,P
EMP012,Girish Mehta,LINE 1,29-Jul-21,19,5,0,1,4,0,1,P,P,WO,Ab,Ab,Ab,P,P,P,WO,OT1,P,P,P,P,P,WO,P,L,P,Ab,P,P,WO,P,WO,P,P,P,P,
EMP012,Girish Mehta,LINE 1,29-Jul-21,18,7,2,2,0,2,0,WO,P,P,P,P,P,P,WO,WO,DP,P,P,P,P,WO,P,P,P,WO,H,P,WO,L,P,P,L,DP,P,WO,P,H
EMP012,Girish Mehta,LINE 1,29-Jul-21,16,5,3,2,2,2,0,P,P,P,H,WO,H,P,P,P,DP,P,WO,P,L,H,P,P,Ab,WO,Ab,P,L,P,WO,DP,WO,P,P,P,P,
EMP012,Girish Mehta,LINE 1,29-Jul-21,14,5,3,1,4,2,2,DP,Ab,WO,P,P,Ab,P,P,H,WO,P,P,P,Ab,P,P,WO,OT1,Ab,L,P,DP,OT1,WO,P,P,P,H,H,P,WO
EMP013,Arun Singh,LINE 7,11-Jun-19,13,9,3,0,3,2,1,WO,H,Ab,H,DP,P,P,WO,P,P,P,WO,OT1,WO,WO,DP,P,WO,P,P,P,WO,P,P,WO,P,H,Ab,WO,P,Ab
EMP013,Arun Singh,LINE 7,11-Jun-19,12,6,2,5,3,0,0,L,P,P,P,WO,WO,P,L,P,P,P,WO,Ab,WO,P,L,P,L,WO,P,Ab,H,Ab,H,P,WO,P,L,,,
EMP013,Arun Singh,LINE 7,11-Jun-19,13,6,1,5,3,2,1,L,P,WO,Ab,WO,P,DP,OT1,P,P,P,WO,P,P,L,Ab,L,Ab,WO,H,P,L,P,P,L,WO,DP,P,P,WO,P
EMP013,Arun Singh,LINE 7,11-Jun-19,21,6,1,1,0,1,0,P,WO,P,P,P,P,P,P,WO,P,P,H,P,P,P,WO,P,DP,P,WO,P,P,WO,P,L,P,P,P,P,WO,
EMP013,Arun Singh,LINE 7,11-Jun-19,17,6,0,2,2,2,2,P,P,P,P,P,P,WO,P,P,P,L,P,OT1,WO,L,OT1,P,WO,P,Ab,WO,P,P,DP,WO,P,Ab,WO,DP,P,P
EMP013,Arun Singh,LINE 7,11-Jun-19,14,5,1,4,3,2,1,P,Ab,L,WO,P,L,P,P,Ab,P,WO,P,DP,P,DP,P,P,WO,P,WO,L,Ab,P,P,WO,P,H,OT1,L,P,
EMP013,Arun Singh,LINE 7,11-Jun-19,19,6,2,2,1,1,0,DP,WO,H,P,P,P,P,P,WO,L,P,P,P,P,P,WO,P,P,P,WO,P,P,WO,P,L,P,H,P,Ab,WO,P
EMP013,Arun Singh,LINE 7,11-Jun-19,17,6,1,4,1,2,0,L,P,P,L,P,WO,P,WO,P,P,P,P,WO,L,P,DP,P,WO,Ab,WO,L,H,P,DP,P,P,WO,P,P,P,P
EMP013,Arun Singh,LINE 7,11-Jun-19,16,4,2,1,4,2,1,DP,P,WO,H,Ab,P,P,P,P,WO,P,P,Ab,P,P,L,WO,Ab,Ab,DP,OT1,P,P,WO,P,P,P,H,P,P,
EMP013,Arun Singh,LINE 7,11-Jun-19,20,6,2,0,3,0,0,WO,P,WO,P,P,Ab,P,WO,P,P,P,P,P,P,WO,P,P,P,P,P,H,WO,P,Ab,P,H,Ab,P,WO,P,P
EMP013,Arun Singh,LINE 7,11-Jun-19,19,4,0,2,4,0,1,P,P,P,Ab,WO,Ab,P,P,P,Ab,P,WO,P,P,P,P,P,P,WO,P,Ab,P,P,OT1,P,WO,L,P,P,L,
EMP013,Arun Singh,LINE 7,11-Jun-19,18,7,2,1,1,2,0,H,P,WO,P,P,P,P,WO,Ab,WO,L,P,P,P,P,P,WO,DP,WO,DP,H,P,P,WO,P,P,P,P,P,P,WO
EMP014,Jyothi Reddy,LINE 10,10-Jan-21,16,7,1,1,5,0,1,WO,Ab,P,P,P,P,OT1,WO,P,H,P,L,Ab,P,WO,P,P,WO,P,WO,Ab,WO,P,P,Ab,P,P,Ab,WO,P,P
EMP014,Jyothi Reddy,LINE 10,10-Jan-21,20,4,2,1,1,0,0,P,P,P,P,WO,P,P,P,P,P,H,WO,P,P,L,H,P,P,WO,P,P,Ab,P,P,P,WO,P,P,,,
EMP014,Jyothi Reddy,LINE 10,10-Jan-21,17,6,2,2,2,1,1,P,P,P,P,WO,P,DP,P,P,P,H,WO,WO,P,P,P,OT1,Ab,WO,P,Ab,P,L,L,P,WO,WO,P,H,P,P
EMP014,Jyothi Reddy,LINE 10,10-Jan-21,20,5,0,3,2,0,0,P,WO,P,P,P,P,Ab,P,WO,P,P,P,P,P,P,WO,L,P,P,P,P,P,WO,L,Ab,L,P,P,P,WO,
EMP014,Jyothi Reddy,LINE 10,10-Jan-21,16,7,2,4,2,0,0,P,P,P,L,L,P,WO,P,H,L,WO,P,P,WO,P,P,Ab,P,Ab,P,WO,P,H,L,P,P,P,WO,WO,WO,P
EMP014,Jyothi Reddy,LINE 10,10-Jan-21,15,8,3,2,2,0,0,P,P,WO,WO,P,Ab,P,P,P,WO,WO,L,P,L,P,P,P,WO,P,P,P,H,H,Ab,WO,WO,H,P,WO,P,
EMP014,Jyothi Reddy,LINE 10,10-Jan-21,18,6,2,1,1,2,1,P,WO,P,P,P,WO,H,P,WO,DP,P,P,P,Ab,P,WO,P,P,P,P,P,OT1,WO,P,P,H,P,DP,L,WO,P
EMP014,Jyothi Reddy,LINE 10,10-Jan-21,20,5,1,3,1,0,1,P,P,WO,L,P,WO,P,P,P,P,P,P,WO,P,P,P,OT1,L,P,WO,P,P,P,H,P,P,WO,P,L,Ab,P
EMP014,Jyothi Reddy,LINE 10,10-Jan-21,14,5,0,4,2,5,0,DP,P,WO,P,P,Ab,P,P,P,WO,P,P,P,DP,L,DP,WO,Ab,L,P,WO,DP,P,WO,L,L,DP,P,P,P,
EMP014,Jyothi Reddy,LINE 10,10-Jan-21,15,8,0,1,3,3,1,WO,P,P,P,P,OT1,WO,WO,P,P,DP,P,P,Ab,WO,P,P,WO,L,P,DP,WO,P,P,Ab,P,DP,WO,WO,Ab,P
EMP014,Jyothi Reddy,LINE 10,10-Jan-21,15,6,1,1,5,0,2,P,H,Ab,P,WO,P,P,P,P,P,Ab,WO,WO,WO,P,L,P,P,WO,P,P,P,OT1,Ab,Ab,WO,P,OT1,Ab,P,
EMP014,Jyothi Reddy,LINE 10,10-Jan-21,21,8,0,1,0,0,1,P,P,WO,P,L,P,P,P,P,WO,WO,P,OT1,WO,P,WO,WO,P,P,P,P,P,P,WO,P,P,P,P,P,P,WO
EMP015,Satish Nair,LINE 2,04-Apr-19,18,5,2,2,2,1,1,WO,P,H,P,Ab,P,P,WO,P,P,P,P,P,P,WO,P,P,P,DP,P,L,WO,P,P,OT1,Ab,P,H,WO,L,P
EMP015,Satish Nair,LINE 2,04-Apr-19,18,5,0,2,1,2,0,P,P,P,WO,WO,P,L,P,P,P,P,WO,P,P,DP,P,P,P,WO,Ab,DP,P,P,P,P,WO,L,P,,,
EMP015,Satish Nair,LINE 2,04-Apr-19,20,5,1,1,3,1,0,WO,P,H,Ab,WO,P,P,P,P,P,L,WO,P,P,P,Ab,P,P,WO,P,P,P,P,P,P,WO,P,Ab,P,P,DP
EMP015,Satish Nair,LINE 2,04-Apr-19,17,7,2,1,2,1,0,P,WO,P,P,H,WO,DP,H,WO,P,P,P,P,Ab,P,WO,P,P,L,P,P,P,WO,WO,Ab,P,P,P,P,WO,
EMP015,Satish Nair,LINE 2,04-Apr-19,20,6,0,1,2,1,1,P,Ab,P,WO,Ab,P,WO,P,OT1,P,P,P,DP,WO,WO,P,P,P,P,P,WO,P,P,P,P,P,L,WO,P,P,P
EMP015,Satish Nair,LINE 2,04-Apr-19,21,4,1,1,2,1,0,P,P,L,WO,Ab,P,P,P,Ab,DP,WO,P,P,P,P,P,P,WO,P,P,P,P,P,H,WO,P,P,P,P,P,
EMP015,Satish Nair,LINE 2,04-Apr-19,17,6,3,3,2,0,0,L,WO,Ab,L,WO,P,H,L,WO,P,Ab,P,P,P,P,WO,P,P,P,P,P,P,WO,P,P,P,H,H,P,WO,P
EMP015,Satish Nair,LINE 2,04-Apr-19,14,4,1,8,2,1,1,P,P,P,L,OT1,WO,P,L,P,Ab,DP,P,WO,L,P,P,P,Ab,L,WO,L,P,L,P,L,P,WO,H,P,P,L
EMP015,Satish Nair,LINE 2,04-Apr-19,19,5,0,2,2,1,1,P,OT1,WO,P,WO,P,P,P,P,WO,DP,P,P,P,P,Ab,WO,Ab,P,P,P,P,P,WO,P,P,L,P,P,L,
EMP015,Satish Nair,LINE 2,04-Apr-19,16,6,1,4,1,1,2,WO,P,P,P,P,P,P,WO,P,DP,OT1,P,P,P,WO,H,L,P,P,OT1,L,WO,L,L,P,P,WO,P,WO,P,Ab
EMP015,Satish Nair,LINE 2,04-Apr-19,19,5,2,1,3,0,0,P,P,P,WO,WO,P,P,P,H,P,Ab,WO,Ab,P,P,P,P,P,WO,P,P,P,P,P,P,WO,Ab,L,P,H,
EMP015,Satish Nair,LINE 2,04-Apr-19,20,7,1,0,3,0,0,WO,P,WO,P,P,P,P,P,P,WO,P,P,P,P,Ab,P,WO,Ab,P,P,P,P,Ab,WO,WO,P,H,P,P,P,WO
EMP016,Manoj Reddy,LINE 2,21-Apr-20,17,5,2,2,1,4,0,WO,P,DP,P,P,Ab,P,WO,L,P,P,DP,P,P,WO,H,L,P,P,P,P,WO,DP,DP,P,H,P,P,WO,P,P
EMP016,Manoj Reddy,LINE 2,21-Apr-20,18,5,1,1,1,0,2,P,P,H,P,WO,P,P,P,P,WO,Ab,WO,P,P,P,P,P,OT1,WO,P,P,P,OT1,P,P,WO,L,P,,,
EMP016,Manoj Reddy,LINE 2,21-Apr-20,16,5,2,2,3,1,2,H,P,P,P,WO,L,Ab,P,DP,P,P,WO,H,OT1,P,P,OT1,P,WO,P,P,Ab,P,L,WO,WO,P,P,P,Ab,P
EMP016,Manoj Reddy,LINE 2,21-Apr-20,15,6,3,4,2,0,0,P,WO,P,P,P,P,P,L,WO,P,P,Ab,H,H,L,WO,P,L,WO,P,Ab,P,WO,P,H,P,P,P,L,WO,
EMP016,Manoj Reddy,LINE 2,21-Apr-20,21,5,1,2,2,0,0,P,L,P,Ab,Ab,P,WO,WO,P,P,L,P,P,WO,P,P,P,P,P,P,WO,H,P,P,P,P,P,WO,P,P,P
EMP016,Manoj Reddy,LINE 2,21-Apr-20,20,6,1,2,1,0,0,P,P,P,WO,P,P,P,L,P,P,WO,P,P,WO,P,P,H,WO,P,P,L,P,Ab,P,WO,WO,P,P,P,P,
EMP016,Manoj Reddy,LINE 2,21-Apr-20,16,6,0,3,3,1,2,P,WO,P,OT1,P,OT1,P,P,WO,P,L,P,P,L,Ab,WO,P,P,DP,Ab,Ab,L,WO,P,WO,P,P,P,P,WO,P
EMP016,Manoj Reddy,LINE 2,21-Apr-20,18,8,1,1,3,0,0,P,P,P,P,H,WO,P,WO,P,P,WO,P,WO,P,P,L,P,P,WO,WO,P,P,P,Ab,WO,Ab,WO,P,Ab,P,P
EMP016,Manoj Reddy,LINE 2,21-Apr-20,19,4,0,1,4,0,2,P,OT1,WO,P,P,Ab,P,P,P,WO,P,Ab,P,P,P,P,WO,P,P,P,P,P,P,WO,OT1,P,L,P,Ab,Ab,
EMP016,Manoj Reddy,LINE 2,21-Apr-20,17,6,1,2,3,1,1,WO,L,P,P,P,P,Ab,WO,WO,P,P,DP,P,P,WO,P,P,P,OT1,Ab,P,WO,P,P,P,P,L,Ab,WO,P,H
EMP016,Manoj Reddy,LINE 2,21-Apr-20,13,4,1,2,4,4,2,P,P,OT1,OT1,WO,P,DP,Ab,P,P,DP,WO,P,P,Ab,H,L,Ab,WO,P,P,P,DP,Ab,DP,WO,P,L,P,P,
EMP016,Manoj Reddy,LINE 2,21-Apr-20,17,7,2,3,1,0,1,L,P,WO,P,P,P,P,WO,P,WO,WO,P,P,P,H,P,WO,Ab,P,P,P,P,L,WO,P,P,P,H,OT1,L,WO
EMP017,Rohit Das,LINE 5,17-Jul-21,17,5,2,2,3,0,2,WO,P,Ab,OT1,Ab,P,P,WO,P,P,P,P,H,P,WO,P,P,H,P,P,Ab,WO,L,P,P,L,P,OT1,WO,P,P
EMP017,Rohit Das,LINE 5,17-Jul-21,17,5,2,3,0,1,0,H,P,P,P,WO,P,P,P,P,L,P,WO,P,P,P,P,P,L,WO,P,H,P,L,DP,WO,WO,P,P,,,
EMP017,Rohit Das,LINE 5,17-Jul-21,17,6,2,3,2,1,0,P,P,P,H,WO,P,P,P,WO,Ab,L,WO,H,P,P,P,P,P,WO,P,L,P,DP,P,P,WO,L,Ab,P,WO,P
EMP017,Rohit Das,LINE 5,17-Jul-21,20,5,1,1,3,0,0,Ab,WO,P,H,P,P,L,P,WO,P,P,P,P,P,P,WO,P,Ab,P,P,Ab,P,WO,P,P,P,P,P,P,WO,
EMP017,Rohit Das,LINE 5,17-Jul-21,17,8,0,2,3,1,0,P,P,P,L,P,P,WO,WO,P,Ab,WO,Ab,P,WO,Ab,P,P,P,WO,P,WO,WO,P,L,P,P,P,WO,DP,P,P
EMP017,Rohit Das,LINE 5,17-Jul-21,18,7,1,0,0,1,3,P,P,P,WO,P,P,P,P,WO,P,WO,P,P,WO,P,P,H,WO,P,OT1,P,WO,DP,OT1,WO,P,P,P,P,OT1,
EMP017,Rohit Das,LINE 5,17-Jul-21,20,5,1,2,1,0,2,P,WO,P,P,P,P,P,P,WO,P,H,OT1,P,P,P,WO,P,Ab,L,OT1,P,P,WO,P,P,P,P,P,L,WO,P
EMP017,Rohit Das,LINE 5,17-Jul-21,17,6,3,2,3,0,0,P,P,P,WO,P,WO,H,P,P,P,P,P,WO,WO,Ab,L,P,P,P,WO,Ab,P,P,L,P,H,WO,Ab,P,H,P
EMP017,Rohit Das,LINE 5,17-Jul-21,16,5,1,2,3,2,1,P,P,WO,WO,L,Ab,P,DP,P,WO,P,OT1,P,Ab,P,P,WO,P,Ab,L,H,P,P,WO,P,P,P,P,DP,P,
EMP017,Rohit Das,LINE 5,17-Jul-21,13,6,3,4,3,2,0,WO,P,P,L,L,Ab,P,WO,P,P,P,P,Ab,H,WO,P,L,P,Ab,L,DP,WO,WO,P,H,P,H,P,WO,P,DP
EMP017,Rohit Das,LINE 5,17-Jul-21,23,6,0,0,1,0,0,WO,P,P,P,WO,P,P,WO,P,P,P,WO,Ab,P,P,P,P,P,WO,P,P,P,P,P,P,WO,P,P,P,P,
EMP017,Rohit Das,LINE 5,17-Jul-21,17,8,2,2,1,0,1,H,P,WO,P,P,P,P,P,P,WO,P,WO,P,P,P,P,WO,P,P,Ab,WO,P,P,WO,L,H,WO,P,OT1,L,WO
EMP018,Lalitha Patel,LINE 6,28-Dec-20,15,8,1,3,4,0,0,WO,P,P,L,Ab,P,P,WO,WO,H,P,P,P,Ab,WO,P,Ab,P,WO,WO,L,WO,Ab,P,P,P,P,P,WO,P,L
EMP018,Lalitha Patel,LINE 6,28-Dec-20,16,5,0,6,0,0,1,P,P,P,L,WO,L,P,P,L,P,P,WO,P,P,P,OT1,P,P,WO,L,P,L,P,L,P,WO,P,WO,,,
EMP018,Lalitha Patel,LINE 6,28-Dec-20,18,5,0,4,2,2,0,P,DP,P,P,WO,P,P,P,L,P,DP,WO,P,P,L,L,P,P,WO,WO,P,L,Ab,Ab,P,WO,P,P,P,P,P
EMP018,Lalitha Patel,LINE 6,28-Dec-20,16,6,1,1,3,1,2,P,WO,P,WO,P,P,Ab,P,WO,DP,P,OT1,P,P,P,WO,OT1,P,P,P,P,P,WO,P,H,L,P,Ab,Ab,WO,
EMP018,Lalitha Patel,LINE 6,28-Dec-20,19,6,2,0,2,0,2,P,H,P,P,P,P,WO,P,WO,P,P,P,Ab,WO,Ab,P,OT1,WO,P,P,WO,P,H,P,P,OT1,P,WO,P,P,P
EMP018,Lalitha Patel,LINE 6,28-Dec-20,19,5,2,1,1,0,2,L,P,P,WO,P,P,P,P,P,P,WO,P,P,Ab,P,P,P,WO,P,P,OT1,P,H,P,WO,P,WO,P,H,OT1,
EMP018,Lalitha Patel,LINE 6,28-Dec-20,15,5,2,4,2,2,1,OT1,WO,L,P,P,Ab,P,P,WO,H,DP,P,P,L,P,WO,P,P,L,P,P,P,WO,H,P,DP,L,P,P,WO,Ab
EMP018,Lalitha Patel,LINE 6,28-Dec-20,19,4,3,2,2,0,1,H,H,P,P,P,WO,P,P,OT1,L,P,P,WO,P,P,Ab,P,P,P,WO,Ab,P,P,P,P,P,WO,P,L,P,H
EMP018,Lalitha Patel,LINE 6,28-Dec-20,17,4,2,4,1,1,1,P,L,WO,Ab,P,P,P,DP,P,WO,P,OT1,L,P,P,P,WO,P,H,P,P,L,P,WO,P,P,P,H,L,P,
EMP018,Lalitha Patel,LINE 6,28-Dec-20,12,8,3,1,5,2,0,WO,P,H,P,P,Ab,P,WO,Ab,P,WO,DP,WO,P,WO,Ab,P,DP,P,Ab,Ab,WO,P,P,P,WO,P,L,WO,H,H
EMP018,Lalitha Patel,LINE 6,28-Dec-20,17,7,1,0,3,2,0,P,P,P,WO,WO,P,P,WO,Ab,P,P,WO,P,P,P,P,P,P,WO,P,DP,WO,Ab,DP,P,WO,H,P,Ab,P,
EMP018,Lalitha Patel,LINE 6,28-Dec-20,15,7,0,2,4,3,0,WO,Ab,WO,P,DP,Ab,WO,P,P,WO,DP,P,Ab,P,P,Ab,WO,L,P,P,P,L,P,WO,P,P,DP,P,P,P,WO
EMP019,Pooja Mehta,LINE 2,01-Jun-22,16,6,2,1,4,2,0,WO,Ab,P,P,P,P,L,WO,P,P,Ab,H,P,P,WO,P,P,P,Ab,P,P,WO,DP,WO,P,H,Ab,P,WO,P,DP
EMP019,Pooja Mehta,LINE 2,01-Jun-22,14,5,0,4,1,4,0,P,P,Ab,L,WO,L,P,P,DP,L,P,WO,P,DP,P,WO,P,P,WO,DP,P,P,DP,P,P,WO,L,P,,,
EMP019,Pooja Mehta,LINE 2,01-Jun-22,20,5,2,1,2,0,1,P,P,P,P,WO,WO,Ab,P,P,P,P,WO,H,P,P,H,P,P,WO,P,P,P,P,Ab,P,WO,OT1,P,P,L,P
EMP019,Pooja Mehta,LINE 2,01-Jun-22,15,8,1,3,3,0,0,P,WO,L,WO,P,WO,Ab,P,WO,P,Ab,P,P,WO,P,WO,Ab,P,H,P,P,P,WO,P,L,P,P,P,L,WO,
EMP019,Pooja Mehta,LINE 2,01-Jun-22,16,6,0,5,2,0,2,P,P,L,P,L,P,WO,L,OT1,WO,P,OT1,P,WO,P,Ab,L,L,P,P,WO,P,P,P,WO,P,P,WO,Ab,P,P
EMP019,Pooja Mehta,LINE 2,01-Jun-22,16,6,0,4,2,2,0,Ab,P,L,WO,P,P,P,P,P,WO,WO,Ab,P,L,L,WO,P,WO,P,P,P,DP,P,P,WO,P,P,DP,P,L,
EMP019,Pooja Mehta,LINE 2,01-Jun-22,18,8,0,4,0,1,0,P,WO,P,P,P,P,P,P,WO,L,P,P,L,WO,P,WO,P,L,WO,DP,P,P,WO,WO,P,P,P,P,P,WO,L
EMP019,Pooja Mehta,LINE 2,01-Jun-22,15,5,3,3,5,0,0,L,P,H,Ab,P,WO,L,P,P,Ab,H,P,WO,P,P,WO,P,L,P,WO,P,H,Ab,P,P,P,WO,P,Ab,P,Ab
EMP019,Pooja Mehta,LINE 2,01-Jun-22,17,5,1,1,4,0,2,P,P,WO,P,H,P,OT1,P,P,WO,WO,P,P,Ab,P,P,WO,P,Ab,P,L,P,P,WO,P,OT1,Ab,P,Ab,P,
EMP019,Pooja Mehta,LINE 2,01-Jun-22,17,5,2,3,2,0,2,WO,OT1,P,Ab,P,H,H,WO,P,P,P,Ab,P,P,WO,P,P,OT1,P,P,L,WO,P,P,P,L,L,P,WO,P,P
EMP019,Pooja Mehta,LINE 2,01-Jun-22,16,4,3,2,4,1,0,P,H,DP,P,WO,P,P,P,P,P,H,WO,Ab,H,P,P,L,Ab,WO,P,L,P,P,P,Ab,WO,P,Ab,P,P,
EMP019,Pooja Mehta,LINE 2,01-Jun-22,16,6,2,2,2,2,1,P,P,WO,DP,P,L,L,P,Ab,WO,H,P,DP,WO,Ab,P,WO,P,P,P,P,P,P,WO,H,P,OT1,P,P,P,WO
EMP020,Arjun Rao,LINE 3,04-Aug-21,15,7,2,2,1,4,0,WO,DP,P,DP,P,H,P,WO,P,P,WO,P,P,P,WO,P,P,P,H,WO,P,WO,P,P,L,DP,L,DP,WO,P,Ab
EMP020,Arjun Rao,LINE 3,04-Aug-21,17,5,0,0,3,3,0,P,P,Ab,P,WO,DP,P,P,WO,P,Ab,WO,P,P,P,DP,P,P,WO,P,P,P,P,P,Ab,WO,P,DP,,,
EMP020,Arjun Rao,LINE 3,04-Aug-21,17,6,1,2,3,0,2,P,P,P,P,WO,P,P,WO,Ab,P,P,WO,P,L,P,P,P,OT1,WO,L,P,P,P,P,Ab,WO,H,P,OT1,Ab,WO
EMP020,Arjun Rao,LINE 3,04-Aug-21,21,6,1,0,1,0,1,WO,WO,P,P,P,P,P,P,WO,P,P,P,P,P,P,WO,P,P,P,Ab,P,P,WO,P,P,P,P,H,OT1,WO,
EMP020,Arjun Rao,LINE 3,04-Aug-21,18,5,2,0,3,2,1,P,H,P,P,DP,OT1,WO,P,P,P,Ab,P,WO,WO,H,Ab,P,P,P,P,WO,Ab,P,P,P,P,P,WO,P,DP,P
EMP020,Arjun Rao,LINE 3,04-Aug-21,17,5,1,1,3,1,2,P,P,P,WO,WO,P,P,P,P,P,WO,DP,Ab,P,P,Ab,P,WO,P,P,P,OT1,Ab,P,WO,H,P,OT1,L,P,
EMP020,Arjun Rao,LINE 3,04-Aug-21,16,5,1,3,3,1,2,L,WO,OT1,P,Ab,P,P,P,WO,P,P,Ab,OT1,P,DP,WO,L,P,P,Ab,P,P,WO,H,L,P,P,P,P,WO,P
EMP020,Arjun Rao,LINE 3,04-Aug-21,17,6,1,1,4,1,1,L,Ab,P,P,P,WO,P,P,P,DP,Ab,P,WO,WO,Ab,P,P,WO,P,WO,P,P,OT1,P,H,P,WO,P,Ab,P,P
EMP020,Arjun Rao,LINE 3,04-Aug-21,17,5,0,3,4,1,0,WO,P,WO,P,P,Ab,P,P,P,WO,Ab,P,P,P,P,Ab,WO,P,P,P,DP,P,L,WO,P,P,L,P,Ab,L,
EMP020,Arjun Rao,LINE 3,04-Aug-21,18,8,0,2,3,0,0,WO,WO,P,WO,WO,P,P,WO,L,P,P,P,P,P,WO,Ab,P,P,P,P,Ab,WO,P,Ab,P,P,P,L,WO,P,P
EMP020,Arjun Rao,LINE 3,04-Aug-21,14,5,1,7,3,0,0,P,L,Ab,P,WO,P,P,L,Ab,P,L,WO,P,H,P,L,P,Ab,WO,P,P,P,P,P,WO,WO,L,P,L,L,
EMP020,Arjun Rao,LINE 3,04-Aug-21,16,6,1,3,3,2,0,P,P,WO,L,P,P,P,P,P,WO,WO,L,L,Ab,P,Ab,WO,P,P,P,Ab,DP,DP,WO,P,P,P,H,P,P,WO
EMP021,Harish Mehta,LINE 9,25-Mar-20,21,5,1,0,1,1,2,WO,P,P,P,P,P,P,WO,Ab,P,OT1,P,P,P,WO,H,P,P,P,DP,P,WO,P,P,P,P,P,OT1,WO,P,P
EMP021,Harish Mehta,LINE 9,25-Mar-20,17,5,1,1,2,0,2,P,L,H,P,WO,P,P,P,P,P,P,WO,OT1,P,P,P,Ab,P,WO,P,Ab,P,WO,P,OT1,WO,P,P,,,
EMP021,Harish Mehta,LINE 9,25-Mar-20,18,5,2,1,2,0,3,P,WO,P,P,WO,P,P,P,Ab,OT1,P,WO,OT1,P,P,OT1,P,Ab,WO,H,P,H,P,P,L,WO,P,P,P,P,P
EMP021,Harish Mehta,LINE 9,25-Mar-20,17,8,0,4,0,0,1,P,WO,P,L,P,P,P,P,WO,P,P,P,P,WO,OT1,WO,P,WO,P,P,P,P,WO,L,L,L,P,WO,P,WO,
EMP021,Harish Mehta,LINE 9,25-Mar-20,18,7,2,0,3,1,0,P,P,Ab,P,DP,P,WO,P,Ab,P,P,P,P,WO,P,P,Ab,P,H,P,WO,P,H,P,P,WO,WO,WO,WO,P,P
EMP021,Harish Mehta,LINE 9,25-Mar-20,18,5,1,0,4,0,2,Ab,P,P,WO,P,OT1,P,P,OT1,P,WO,P,P,Ab,P,H,P,WO,Ab,P,P,P,P,P,WO,WO,P,P,P,Ab,
EMP021,Harish Mehta,LINE 9,25-Mar-20,19,7,0,2,2,0,1,P,WO,P,P,P,P,P,Ab,WO,P,Ab,P,WO,P,OT1,WO,P,P,P,L,P,WO,WO,P,P,L,P,P,P,WO,P
EMP021,Harish Mehta,LINE 9,25-Mar-20,17,5,1,4,3,0,1,P,Ab,L,Ab,P,WO,P,P,OT1,P,P,H,WO,P,Ab,P,P,P,L,WO,P,P,L,WO,P,L,WO,P,P,P,P
EMP021,Harish Mehta,LINE 9,25-Mar-20,18,5,2,2,1,2,0,P,P,WO,L,P,P,H,Ab,P,WO,P,DP,H,P,DP,P,WO,P,L,P,P,P,P,WO,P,P,P,WO,P,P,
EMP021,Harish Mehta,LINE 9,25-Mar-20,20,6,0,3,2,0,0,WO,P,Ab,P,P,P,L,WO,P,P,P,P,P,P,WO,P,L,P,P,P,P,WO,P,P,P,P,L,WO,WO,P,Ab
EMP021,Harish Mehta,LINE 9,25-Mar-20,13,5,2,1,4,5,0,DP,P,P,Ab,WO,P,P,Ab,Ab,P,P,WO,WO,P,DP,H,P,P,WO,H,DP,P,L,DP,DP,WO,P,Ab,P,P,
EMP021,Harish Mehta,LINE 9,25-Mar-20,16,6,2,2,1,4,0,L,P,WO,P,P,H,P,P,P,WO,P,DP,P,P,P,P,WO,P,DP,P,P,WO,DP,WO,Ab,DP,P,H,L,P,WO
EMP022,Sanjay Sharma,LINE 4,07-Mar-19,12,7,0,3,5,3,1,WO,DP,P,Ab,WO,DP,WO,WO,L,P,P,P,DP,P,WO,L,P,Ab,Ab,P,Ab,WO,P,OT1,P,P,L,P,WO,P,Ab
EMP022,Sanjay Sharma,LINE 4,07-Mar-19,10,5,2,5,5,1,0,Ab,P,Ab,L,WO,P,P,Ab,L,DP,P,WO,P,Ab,H,Ab,L,L,WO,WO,P,P,P,L,H,WO,P,P,,,
EMP022,Sanjay Sharma,LINE 4,07-Mar-19,16,6,1,5,2,1,0,P,P,P,L,WO,P,P,P,P,P,P,WO,P,DP,Ab,L,Ab,WO,WO,L,P,P,H,P,WO,WO,L,L,P,P,P
EMP022,Sanjay Sharma,LINE 4,07-Mar-19,13,6,2,0,5,3,1,Ab,WO,DP,Ab,P,DP,Ab,P,WO,P,Ab,OT1,P,H,P,WO,P,P,P,P,P,DP,WO,P,H,P,Ab,P,WO,WO,
EMP022,Sanjay Sharma,LINE 4,07-Mar-19,18,7,1,1,3,0,1,P,H,P,Ab,L,P,WO,P,P,Ab,P,OT1,P,WO,WO,P,P,P,P,P,WO,P,Ab,P,WO,P,P,WO,P,P,WO
EMP022,Sanjay Sharma,LINE 4,07-Mar-19,16,5,4,0,1,3,1,WO,H,H,WO,H,P,P,P,P,P,WO,Ab,OT1,DP,DP,P,H,WO,P,P,P,P,P,P,WO,DP,P,P,P,P,
EMP022,Sanjay Sharma,LINE 4,07-Mar-19,13,6,1,2,7,1,1,DP,WO,Ab,P,P,P,P,P,WO,P,P,Ab,Ab,H,Ab,WO,P,Ab,P,L,P,P,WO,Ab,P,OT1,L,P,Ab,WO,WO
EMP022,Sanjay Sharma,LINE 4,07-Mar-19,18,4,2,1,5,0,1,L,P,P,P,P,WO,P,H,P,OT1,Ab,P,WO,P,H,P,P,Ab,Ab,WO,P,P,Ab,P,P,P,WO,P,Ab,P,P
EMP022,Sanjay Sharma,LINE 4,07-Mar-19,12,9,0,1,3,4,1,OT1,P,WO,P,P,P,L,WO,Ab,WO,P,WO,WO,P,P,DP,WO,Ab,P,P,Ab,WO,P,WO,DP,P,P,DP,WO,DP,
EMP022,Sanjay Sharma,LINE 4,07-Mar-19,16,6,2,2,2,3,0,WO,P,H,H,DP,P,P,WO,P,P,P,P,P,DP,WO,P,P,P,DP,Ab,P,WO,Ab,P,L,P,L,WO,WO,P,P
EMP022,Sanjay Sharma,LINE 4,07-Mar-19,18,7,0,3,2,0,0,P,L,P,WO,WO,P,WO,Ab,P,P,Ab,WO,P,P,P,L,L,P,WO,P,P,P,P,P,P,WO,WO,P,P,P,
EMP022,Sanjay Sharma,LINE 4,07-Mar-19,21,7,0,0,3,0,0,P,P,WO,P,Ab,P,P,P,Ab,WO,Ab,P,P,P,P,P,WO,P,P,P,WO,P,P,WO,P,P,P,P,WO,P,WO
EMP023,Sanjay Das,LINE 5,16-May-19,17,7,1,0,4,2,0,WO,P,P,P,Ab,P,P,WO,P,WO,P,P,DP,Ab,WO,P,P,H,P,Ab,P,WO,P,P,P,P,P,WO,WO,Ab,DP
EMP023,Sanjay Das,LINE 5,16-May-19,18,6,0,1,1,0,2,P,P,P,OT1,WO,P,WO,WO,P,P,P,WO,P,P,P,OT1,Ab,P,WO,P,P,P,P,L,P,WO,P,P,,,
EMP023,Sanjay Das,LINE 5,16-May-19,18,5,3,0,3,1,1,P,P,P,P,WO,H,DP,P,Ab,P,P,WO,P,Ab,P,P,P,H,WO,OT1,Ab,H,P,P,P,WO,P,P,P,P,WO
EMP023,Sanjay Das,LINE 5,16-May-19,17,7,1,1,3,1,0,L,WO,P,H,P,P,P,P,WO,Ab,P,P,P,DP,P,WO,WO,P,P,P,P,P,WO,P,Ab,P,P,Ab,WO,WO,
EMP023,Sanjay Das,LINE 5,16-May-19,15,6,3,2,3,1,1,P,P,H,DP,Ab,WO,WO,H,L,L,Ab,P,P,WO,H,WO,P,P,P,P,WO,P,OT1,P,P,P,P,WO,Ab,P,P
EMP023,Sanjay Das,LINE 5,16-May-19,18,6,1,1,4,0,0,L,Ab,P,WO,P,P,P,P,P,P,WO,P,P,P,Ab,P,P,WO,WO,P,WO,H,Ab,P,WO,P,Ab,P,P,P,
EMP023,Sanjay Das,LINE 5,16-May-19,17,5,1,4,3,1,0,L,WO,DP,L,P,P,P,Ab,WO,Ab,P,P,P,P,H,WO,P,P,P,P,Ab,P,WO,P,L,P,L,P,P,WO,P
EMP023,Sanjay Das,LINE 5,16-May-19,16,6,0,6,1,1,1,P,L,P,WO,P,WO,L,P,P,L,P,P,WO,P,Ab,L,P,P,P,WO,P,L,DP,P,P,OT1,WO,P,P,L,WO
EMP023,Sanjay Das,LINE 5,16-May-19,14,8,3,1,4,0,0,P,Ab,WO,P,P,H,WO,P,P,WO,P,WO,P,P,H,Ab,WO,P,P,P,Ab,H,P,WO,P,P,L,WO,WO,Ab,
EMP023,Sanjay Das,LINE 5,16-May-19,17,5,3,4,0,0,2,WO,L,P,P,P,P,P,WO,H,H,P,OT1,P,P,WO,P,P,L,P,P,L,WO,P,P,L,H,OT1,P,WO,P,P
EMP023,Sanjay Das,LINE 5,16-May-19,16,6,3,2,1,0,2,P,P,P,WO,WO,P,P,H,P,OT1,L,WO,OT1,P,Ab,P,P,P,WO,P,P,L,H,WO,H,WO,P,P,P,P,
EMP023,Sanjay Das,LINE 5,16-May-19,18,5,2,3,1,1,1,L,P,WO,P,H,L,P,P,Ab,WO,P,P,P,P,P,P,WO,P,P,P,P,P,DP,WO,P,OT1,L,P,P,H,WO
EMP024,Pooja Shah,LINE 4,04-Sep-22,17,5,2,1,3,2,1,WO,P,H,Ab,P,P,P,WO,H,DP,P,DP,P,P,WO,P,P,P,P,P,OT1,WO,P,P,L,P,P,P,WO,Ab,Ab
EMP024,Pooja Shah,LINE 4,04-Sep-22,15,5,1,4,3,0,0,P,L,P,P,WO,P,Ab,P,P,P,Ab,WO,L,P,H,P,L,P,WO,P,P,P,Ab,P,L,WO,WO,P,,,
EMP024,Pooja Shah,LINE 4,04-Sep-22,18,4,3,1,3,2,0,P,P,P,DP,WO,Ab,H,P,Ab,H,P,WO,L,H,P,P,P,P,WO,P,P,P,P,P,P,WO,Ab,P,DP,P,P
EMP024,Pooja Shah,LINE 4,04-Sep-22,19,5,1,2,3,0,0,L,WO,P,H,Ab,P,L,P,WO,P,P,Ab,P,P,P,WO,Ab,P,P,P,P,P,WO,P,P,P,P,P,P,WO,
EMP024,Pooja Shah,LINE 4,04-Sep-22,22,4,0,3,1,1,0,P,P,P,P,P,P,WO,P,P,P,L,P,P,WO,L,P,P,L,P,P,WO,P,P,P,P,P,P,WO,Ab,P,DP
EMP024,Pooja Shah,LINE 4,04-Sep-22,17,5,0,3,1,2,2,WO,P,P,WO,L,P,P,P,P,P,WO,DP,P,OT1,L,P,P,WO,Ab,P,P,P,L,P,WO,OT1,P,DP,P,P,
EMP024,Pooja Shah,LINE 4,04-Sep-22,20,6,1,1,1,1,1,Ab,WO,P,P,P,P,P,P,WO,H,P,P,P,P,P,WO,P,P,P,P,DP,P,WO,WO,P,P,L,P,P,WO,OT1
EMP024,Pooja Shah,LINE 4,04-Sep-22,15,8,1,4,3,0,0,P,P,P,P,WO,WO,P,P,P,Ab,WO,P,WO,Ab,H,L,P,L,P,WO,P,P,Ab,WO,WO,P,WO,L,L,P,P
EMP024,Pooja Shah,LINE 4,04-Sep-22,17,5,2,2,3,1,0,L,WO,WO,P,P,DP,P,P,P,WO,P,Ab,P,P,P,P,WO,H,P,P,P,P,Ab,WO,H,P,P,L,P,Ab,
EMP024,Pooja Shah,LINE 4,04-Sep-22,18,9,0,1,0,2,1,WO,P,P,P,WO,P,WO,WO,P,P,P,P,P,P,WO,P,P,L,P,WO,OT1,WO,WO,P,P,P,P,DP,WO,P,DP
EMP024,Pooja Shah,LINE 4,04-Sep-22,19,5,1,1,1,1,2,P,DP,P,OT1,WO,P,WO,P,P,L,Ab,WO,P,P,P,P,P,P,WO,P,P,P,H,OT1,P,WO,P,P,P,P,
EMP024,Pooja Shah,LINE 4,04-Sep-22,20,5,0,4,1,1,0,P,P,WO,P,L,P,P,P,P,WO,P,P,P,P,P,L,WO,DP,L,P,L,P,P,WO,P,P,P,P,Ab,P,WO
EMP025,Radha Das,LINE 8,20-Oct-19,18,7,0,3,2,1,0,WO,P,Ab,P,P,P,P,WO,WO,P,P,P,P,L,WO,P,P,WO,P,P,L,WO,Ab,P,P,DP,L,P,WO,P,P
EMP025,Radha Das,LINE 8,20-Oct-19,17,4,1,4,1,1,0,P,P,P,L,WO,P,P,P,P,P,H,WO,P,P,L,P,P,P,WO,DP,L,P,Ab,L,P,WO,P,P,,,
EMP025,Radha Das,LINE 8,20-Oct-19,17,7,0,2,3,1,1,P,P,P,WO,WO,P,P,Ab,Ab,P,P,WO,P,Ab,L,P,WO,WO,WO,OT1,P,P,P,DP,P,WO,P,P,P,L,P
EMP025,Radha Das,LINE 8,20-Oct-19,20,5,2,1,0,1,1,P,WO,P,P,P,P,P,H,WO,DP,P,H,P,P,OT1,WO,P,P,P,P,P,P,WO,P,L,P,P,P,P,WO,
EMP025,Radha Das,LINE 8,20-Oct-19,11,6,1,3,6,2,2,Ab,H,P,P,P,P,WO,Ab,Ab,P,WO,P,L,WO,P,DP,P,P,L,WO,WO,DP,OT1,OT1,Ab,Ab,P,WO,P,Ab,L
EMP025,Radha Das,LINE 8,20-Oct-19,17,5,0,3,3,1,1,P,P,P,WO,P,OT1,P,P,P,P,WO,P,L,P,P,L,Ab,WO,Ab,DP,Ab,P,P,P,WO,WO,P,P,L,P,
EMP025,Radha Das,LINE 8,20-Oct-19,20,6,1,0,3,1,0,P,WO,P,P,P,P,WO,H,WO,P,P,P,Ab,P,P,WO,P,P,Ab,P,P,Ab,WO,P,DP,P,P,P,P,WO,P
EMP025,Radha Das,LINE 8,20-Oct-19,23,4,0,2,2,0,0,P,P,P,P,P,WO,P,P,L,P,P,P,WO,P,P,P,P,Ab,P,WO,P,L,Ab,P,P,P,WO,P,P,P,P
EMP025,Radha Das,LINE 8,20-Oct-19,13,6,3,5,1,0,2,L,WO,WO,P,H,OT1,OT1,L,H,WO,Ab,P,P,L,L,P,WO,P,P,WO,P,P,L,WO,P,P,P,H,P,P,
EMP025,Radha Das,LINE 8,20-Oct-19,15,7,1,6,1,1,0,WO,L,L,H,P,L,P,WO,P,L,WO,P,P,P,WO,P,P,P,DP,P,L,WO,Ab,P,P,WO,P,L,WO,P,P
EMP025,Radha Das,LINE 8,20-Oct-19,19,5,0,1,3,1,1,P,L,Ab,P,WO,DP,P,P,P,P,Ab,WO,OT1,P,P,P,P,P,WO,P,P,Ab,P,P,P,WO,P,WO,P,P,
EMP025,Radha Das,LINE 8,20-Oct-19,19,6,1,0,2,3,0,P,DP,WO,P,P,WO,P,P,P,WO,P,Ab,P,P,P,P,WO,P,P,DP,Ab,P,P,WO,P,H,P,P,DP,P,WO
EMP026,Kiran Gupta,LINE 4,23-Feb-22,15,6,4,2,4,0,0,WO,P,WO,P,P,P,P,WO,P,L,P,Ab,Ab,P,WO,P,H,P,Ab,P,H,WO,H,P,P,L,P,P,WO,Ab,H
EMP026,Kiran Gupta,LINE 4,23-Feb-22,15,5,1,1,3,1,2,P,Ab,P,P,WO,P,DP,P,Ab,P,P,WO,P,Ab,WO,H,P,P,WO,OT1,P,OT1,P,P,L,WO,P,P,,,
EMP026,Kiran Gupta,LINE 4,23-Feb-22,18,5,3,1,3,1,0,P,P,P,P,WO,WO,H,P,H,Ab,P,WO,P,P,Ab,P,H,P,WO,P,P,P,DP,P,L,WO,Ab,P,P,P,P
EMP026,Kiran Gupta,LINE 4,23-Feb-22,14,8,1,4,3,0,0,P,WO,P,P,L,WO,P,P,WO,P,P,WO,P,WO,Ab,WO,L,P,H,Ab,P,P,WO,P,P,L,L,Ab,P,WO,
EMP026,Kiran Gupta,LINE 4,23-Feb-22,21,5,0,1,2,1,1,P,P,P,OT1,P,P,WO,WO,P,Ab,L,Ab,P,WO,P,P,P,P,P,P,WO,P,P,DP,P,P,P,WO,P,P,P
EMP026,Kiran Gupta,LINE 4,23-Feb-22,15,7,0,1,2,1,4,P,P,P,WO,L,P,P,P,P,P,WO,P,OT1,P,P,OT1,Ab,WO,P,DP,P,OT1,WO,WO,WO,OT1,WO,P,P,Ab,
EMP026,Kiran Gupta,LINE 4,23-Feb-22,20,5,1,1,3,0,1,P,WO,Ab,P,P,P,P,P,WO,P,P,P,OT1,P,P,WO,Ab,P,H,L,P,P,WO,P,P,P,P,P,Ab,WO,P
EMP026,Kiran Gupta,LINE 4,23-Feb-22,17,6,2,1,3,1,1,DP,H,P,P,P,WO,L,P,OT1,P,P,P,WO,Ab,P,P,P,Ab,WO,WO,P,WO,H,P,P,P,WO,P,P,Ab,P
EMP026,Kiran Gupta,LINE 4,23-Feb-22,20,4,2,1,1,1,1,P,P,WO,P,P,P,P,Ab,DP,WO,P,P,H,P,H,P,WO,P,P,P,P,P,P,WO,L,P,OT1,P,P,P,
EMP026,Kiran Gupta,LINE 4,23-Feb-22,17,5,3,4,2,0,0,WO,P,H,L,L,L,P,WO,P,Ab,L,Ab,P,P,WO,H,P,P,P,P,P,WO,P,P,P,P,P,P,WO,P,H
EMP026,Kiran Gupta,LINE 4,23-Feb-22,15,7,2,0,4,1,1,P,Ab,DP,OT1,WO,P,P,P,P,P,P,WO,Ab,P,P,P,P,P,WO,Ab,H,P,P,WO,WO,WO,WO,Ab,H,P,
EMP026,Kiran Gupta,LINE 4,23-Feb-22,16,8,0,3,3,1,0,P,L,WO,P,WO,WO,P,P,P,WO,WO,P,P,DP,Ab,P,WO,L,P,Ab,P,P,Ab,WO,P,P,P,L,P,P,WO
EMP027,Arun Mehta,LINE 10,27-May-21,14,8,3,2,1,2,1,WO,DP,WO,P,P,P,Ab,WO,H,P,P,L,P,P,WO,H,DP,P,P,OT1,L,WO,P,P,WO,P,WO,H,WO,P,P
EMP027,Arun Mehta,LINE 10,27-May-21,17,5,1,2,2,1,0,H,P,P,DP,WO,P,L,P,P,P,L,WO,P,Ab,P,P,P,Ab,WO,P,P,P,P,P,P,WO,P,WO,,,
EMP027,Arun Mehta,LINE 10,27-May-21,17,5,0,3,1,2,3,P,P,L,P,WO,P,OT1,P,P,P,P,WO,OT1,L,DP,P,P,P,WO,P,Ab,OT1,L,DP,WO,WO,P,P,P,P,P
EMP027,Arun Mehta,LINE 10,27-May-21,14,8,1,3,2,1,1,P,WO,WO,H,Ab,P,P,Ab,WO,P,WO,L,P,P,WO,WO,P,P,P,OT1,DP,L,WO,P,P,P,L,P,P,WO,
EMP027,Arun Mehta,LINE 10,27-May-21,17,5,1,1,4,2,1,P,P,P,P,P,DP,WO,DP,OT1,Ab,Ab,H,P,WO,P,P,P,P,Ab,P,WO,P,L,P,WO,P,Ab,WO,P,P,P
EMP027,Arun Mehta,LINE 10,27-May-21,13,7,2,3,4,1,0,WO,P,P,WO,L,WO,P,P,H,P,WO,Ab,Ab,L,P,P,P,WO,Ab,P,P,P,H,P,WO,WO,Ab,DP,L,P,
EMP027,Arun Mehta,LINE 10,27-May-21,15,5,4,1,3,2,1,P,WO,P,H,H,P,P,P,WO,Ab,L,P,P,P,P,WO,H,DP,H,P,P,Ab,WO,DP,P,P,P,P,Ab,WO,OT1
EMP027,Arun Mehta,LINE 10,27-May-21,17,6,2,2,1,1,2,P,P,WO,L,P,WO,P,P,P,P,P,P,WO,DP,Ab,P,P,P,P,WO,WO,L,H,P,P,OT1,WO,P,OT1,H,P
EMP027,Arun Mehta,LINE 10,27-May-21,11,6,3,4,2,0,4,L,P,WO,H,P,OT1,P,L,P,WO,H,L,H,P,Ab,P,WO,P,P,OT1,WO,Ab,OT1,WO,P,P,WO,OT1,L,P,
EMP027,Arun Mehta,LINE 10,27-May-21,14,8,4,2,2,0,1,WO,P,P,WO,P,Ab,P,WO,P,L,P,L,Ab,H,WO,P,P,P,WO,P,P,WO,P,H,H,P,H,P,WO,WO,OT1
EMP027,Arun Mehta,LINE 10,27-May-21,12,9,0,2,2,3,2,P,DP,P,Ab,WO,Ab,P,OT1,P,P,OT1,WO,WO,P,DP,P,P,P,WO,P,P,WO,DP,WO,P,WO,WO,L,WO,L,
EMP027,Arun Mehta,LINE 10,27-May-21,18,8,1,2,2,0,0,Ab,WO,WO,P,WO,P,P,P,P,WO,WO,P,P,P,P,P,WO,H,L,P,P,P,P,WO,P,P,P,Ab,L,P,WO
EMP028,Vanitha Das,LINE 6,25-Mar-20,17,5,1,5,2,1,0,WO,L,P,P,P,L,P,WO,P,P,H,L,P,L,WO,DP,Ab,P,P,P,P,WO,L,P,P,P,P,P,WO,Ab,P
EMP028,Vanitha Das,LINE 6,25-Mar-20,16,6,0,2,0,2,2,OT1,P,P,P,WO,P,DP,P,P,DP,P,WO,L,WO,P,P,WO,P,WO,OT1,P,P,P,P,L,WO,P,P,,,
EMP028,Vanitha Das,LINE 6,25-Mar-20,18,7,1,1,2,1,1,P,Ab,DP,P,WO,P,P,P,P,P,P,WO,P,Ab,P,P,P,P,WO,WO,P,P,H,OT1,WO,WO,P,P,WO,L,P
EMP028,Vanitha Das,LINE 6,25-Mar-20,20,5,1,0,2,1,1,P,WO,P,OT1,P,P,P,P,WO,P,P,P,P,P,P,WO,P,P,Ab,P,P,P,WO,DP,P,P,Ab,P,H,WO,
EMP028,Vanitha Das,LINE 6,25-Mar-20,18,4,3,1,3,2,0,P,L,P,P,H,Ab,WO,P,P,Ab,P,DP,P,WO,P,H,DP,P,P,Ab,WO,P,P,P,P,P,P,WO,P,H,P
EMP028,Vanitha Das,LINE 6,25-Mar-20,13,4,4,2,2,3,2,H,OT1,H,WO,P,P,H,P,OT1,L,WO,P,P,P,DP,Ab,L,WO,P,Ab,DP,P,P,P,WO,P,H,DP,P,P,
EMP028,Vanitha Das,LINE 6,25-Mar-20,10,6,7,1,4,2,1,H,WO,P,P,Ab,DP,P,P,WO,H,P,P,OT1,Ab,WO,WO,P,P,Ab,H,H,H,WO,H,P,H,DP,L,Ab,WO,P
EMP028,Vanitha Das,LINE 6,25-Mar-20,19,5,1,1,3,2,0,P,P,DP,WO,Ab,WO,P,P,P,Ab,P,DP,WO,P,P,P,P,Ab,P,WO,P,L,P,P,P,P,WO,H,P,P,P
EMP028,Vanitha Das,LINE 6,25-Mar-20,22,5,0,1,1,1,0,DP,P,WO,L,P,P,P,P,P,WO,P,P,P,P,Ab,P,WO,P,P,P,P,P,P,WO,P,P,P,WO,P,P,
EMP028,Vanitha Das,LINE 6,25-Mar-20,19,6,1,2,3,0,0,WO,P,P,P,L,P,P,WO,Ab,P,P,P,P,Ab,WO,P,P,P,P,H,Ab,WO,P,P,P,WO,P,P,WO,P,L
EMP028,Vanitha Das,LINE 6,25-Mar-20,16,5,2,3,3,0,1,H,P,L,Ab,WO,P,Ab,Ab,P,P,P,WO,P,P,P,L,P,WO,WO,P,OT1,H,P,P,P,WO,L,P,P,P,
EMP028,Vanitha Das,LINE 6,25-Mar-20,16,5,2,3,2,0,3,P,L,WO,Ab,OT1,P,L,P,H,WO,L,H,P,P,OT1,P,WO,P,P,P,P,OT1,Ab,WO,P,P,P,P,P,P,WO
EMP029,Suresh Pillai,LINE 2,07-Apr-19,23,5,1,0,1,1,0,WO,P,P,P,P,P,P,WO,P,P,P,P,P,P,WO,P,P,P,H,P,P,WO,Ab,P,P,DP,P,P,WO,P,P
EMP029,Suresh Pillai,LINE 2,07-Apr-19,14,6,3,1,4,0,0,P,Ab,P,H,WO,P,L,P,P,WO,P,WO,P,Ab,P,H,P,P,WO,Ab,WO,P,H,Ab,P,WO,P,P,,,
EMP029,Suresh Pillai,LINE 2,07-Apr-19,14,5,3,1,5,1,2,H,OT1,P,H,WO,P,P,P,P,Ab,Ab,WO,Ab,OT1,Ab,P,H,Ab,WO,P,P,DP,P,P,P,WO,WO,P,P,P,L
EMP029,Suresh Pillai,LINE 2,07-Apr-19,13,8,3,3,2,0,1,WO,WO,H,P,WO,Ab,OT1,P,WO,L,P,L,P,P,P,WO,P,P,WO,Ab,L,P,WO,H,P,P,P,H,P,WO,
EMP029,Suresh Pillai,LINE 2,07-Apr-19,19,4,2,4,2,0,0,P,P,P,P,P,Ab,WO,Ab,P,L,P,P,L,WO,P,P,P,P,P,P,WO,H,P,H,P,P,P,WO,P,L,L
EMP029,Suresh Pillai,LINE 2,07-Apr-19,13,5,2,5,2,1,2,P,DP,P,WO,OT1,P,OT1,L,L,P,WO,H,P,WO,Ab,P,P,WO,L,P,P,P,L,L,WO,P,P,H,P,Ab,
EMP029,Suresh Pillai,LINE 2,07-Apr-19,19,5,2,2,2,0,1,P,WO,P,P,Ab,P,P,H,WO,P,P,P,P,P,P,WO,P,P,P,Ab,OT1,P,WO,P,H,L,P,P,P,WO,L
EMP029,Suresh Pillai,LINE 2,07-Apr-19,20,5,2,2,0,2,0,L,P,P,P,P,WO,P,P,P,DP,DP,P,WO,H,P,H,P,P,P,WO,P,P,P,P,P,WO,WO,P,P,L,P
EMP029,Suresh Pillai,LINE 2,07-Apr-19,16,5,0,1,7,1,0,P,P,WO,Ab,P,Ab,P,P,P,WO,WO,P,Ab,P,Ab,L,WO,P,P,P,P,DP,P,WO,P,P,Ab,Ab,Ab,P,
EMP029,Suresh Pillai,LINE 2,07-Apr-19,14,9,2,3,1,2,0,WO,P,P,P,WO,P,WO,WO,P,L,P,P,Ab,WO,WO,DP,L,H,P,P,DP,WO,P,WO,P,P,H,L,WO,P,P
EMP029,Suresh Pillai,LINE 2,07-Apr-19,18,7,0,3,0,1,1,P,DP,P,P,WO,OT1,P,P,P,P,WO,WO,P,L,P,L,WO,P,WO,P,P,P,P,L,P,WO,P,P,P,WO,
EMP029,Suresh Pillai,LINE 2,07-Apr-19,12,5,3,2,5,2,2,H,H,WO,P,P,OT1,P,P,DP,WO,Ab,P,P,Ab,Ab,L,WO,P,P,Ab,OT1,Ab,P,WO,L,P,P,DP,H,P,WO
EMP030,Meena Gupta,LINE 3,25-Oct-22,15,8,3,2,2,1,0,WO,P,DP,P,H,WO,P,WO,Ab,Ab,P,P,P,P,WO,P,L,P,P,H,H,WO,WO,P,P,P,L,WO,WO,P,P
EMP030,Meena Gupta,LINE 3,25-Oct-22,13,5,2,2,4,0,2,Ab,P,L,P,WO,P,Ab,WO,Ab,P,L,WO,Ab,P,H,P,P,OT1,WO,P,OT1,P,P,P,P,WO,P,H,,,
EMP030,Meena Gupta,LINE 3,25-Oct-22,20,4,0,4,2,0,1,P,Ab,L,P,WO,P,P,L,P,L,P,WO,P,P,P,P,Ab,P,WO,P,P,P,P,L,P,WO,P,P,P,P,OT1
EMP030,Meena Gupta,LINE 3,25-Oct-22,16,5,3,3,1,1,1,P,WO,P,L,P,P,DP,P,WO,P,P,P,P,L,H,WO,OT1,H,P,P,H,P,WO,L,P,P,P,P,Ab,WO,
EMP030,Meena Gupta,LINE 3,25-Oct-22,13,6,2,4,4,2,0,P,P,P,Ab,P,H,WO,Ab,L,WO,L,P,DP,WO,P,H,WO,DP,P,L,WO,P,P,Ab,P,Ab,L,WO,P,P,P
EMP030,Meena Gupta,LINE 3,25-Oct-22,18,5,0,3,2,2,0,P,P,P,WO,P,L,P,Ab,P,DP,WO,L,P,P,P,DP,P,WO,P,P,P,P,L,P,WO,P,P,Ab,WO,P,
EMP030,Meena Gupta,LINE 3,25-Oct-22,15,7,1,1,6,1,0,P,WO,P,P,Ab,P,Ab,Ab,WO,P,P,Ab,DP,P,WO,WO,P,P,Ab,WO,P,P,WO,H,P,L,P,Ab,P,WO,P
EMP030,Meena Gupta,LINE 3,25-Oct-22,20,4,2,1,3,0,1,P,P,P,P,P,WO,P,P,Ab,P,P,H,WO,Ab,Ab,L,P,P,P,WO,OT1,P,H,P,P,P,WO,P,P,P,P
EMP030,Meena Gupta,LINE 3,25-Oct-22,17,6,1,0,4,2,0,P,P,WO,P,DP,P,P,P,P,WO,Ab,DP,WO,P,P,P,WO,P,P,P,H,Ab,P,WO,WO,P,Ab,P,Ab,P,
EMP030,Meena Gupta,LINE 3,25-Oct-22,16,9,2,2,0,1,1,WO,L,P,P,P,P,WO,WO,P,WO,P,WO,P,P,WO,L,P,P,WO,P,P,WO,OT1,DP,H,H,P,P,WO,P,P
EMP030,Meena Gupta,LINE 3,25-Oct-22,17,4,0,1,3,3,2,Ab,P,DP,P,WO,P,P,P,Ab,P,P,WO,DP,P,P,OT1,P,P,WO,P,P,P,DP,OT1,P,WO,P,L,P,Ab,
EMP030,Meena Gupta,LINE 3,25-Oct-22,17,7,0,2,4,0,1,P,Ab,WO,WO,P,P,P,P,P,WO,P,L,P,P,P,P,WO,P,P,P,Ab,WO,P,WO,P,P,Ab,Ab,OT1,L,WO
EMP031,Geetha Verma,LINE 7,20-Feb-21,19,5,2,2,2,1,0,WO,P,P,P,P,P,L,WO,Ab,P,P,P,P,P,WO,P,P,P,P,P,P,WO,P,DP,Ab,P,L,H,WO,H,P
EMP031,Geetha Verma,LINE 7,20-Feb-21,15,4,0,3,3,1,2,P,P,P,Ab,WO,P,Ab,L,P,P,Ab,WO,P,P,P,P,L,L,WO,P,P,DP,OT1,P,OT1,WO,P,P,,,
EMP031,Geetha Verma,LINE 7,20-Feb-21,18,4,1,4,2,1,1,L,L,P,P,WO,P,OT1,P,Ab,P,P,WO,P,L,P,P,L,Ab,WO,P,P,P,DP,P,P,WO,P,P,P,P,H
EMP031,Geetha Verma,LINE 7,20-Feb-21,17,6,1,3,2,1,0,Ab,WO,P,P,H,P,P,P,WO,P,P,Ab,P,P,P,WO,L,L,L,WO,P,DP,WO,P,P,P,P,P,P,WO,
EMP031,Geetha Verma,LINE 7,20-Feb-21,19,5,0,1,3,1,2,P,P,Ab,P,P,P,WO,Ab,P,P,P,P,DP,WO,P,WO,P,P,Ab,L,WO,P,P,P,P,P,P,WO,OT1,OT1,P
EMP031,Geetha Verma,LINE 7,20-Feb-21,19,4,3,0,2,2,0,P,P,P,WO,H,Ab,P,P,P,P,WO,P,Ab,P,P,P,P,WO,H,DP,P,P,DP,P,WO,P,P,H,P,P,
EMP031,Geetha Verma,LINE 7,20-Feb-21,18,6,1,3,2,1,0,P,WO,P,P,WO,Ab,P,P,WO,P,L,P,L,DP,P,WO,Ab,P,H,L,P,P,WO,P,P,P,P,P,P,WO,P
EMP031,Geetha Verma,LINE 7,20-Feb-21,20,5,0,4,1,1,0,P,P,P,L,P,WO,DP,P,P,P,P,L,WO,P,P,WO,P,L,P,WO,P,P,P,P,L,Ab,WO,P,P,P,P
EMP031,Geetha Verma,LINE 7,20-Feb-21,17,4,0,2,5,0,2,P,P,WO,P,Ab,Ab,P,Ab,P,WO,L,P,P,P,L,P,WO,OT1,P,P,P,P,P,WO,P,P,P,Ab,OT1,Ab,
EMP031,Geetha Verma,LINE 7,20-Feb-21,17,6,1,2,4,1,0,WO,P,Ab,P,Ab,Ab,P,WO,P,P,P,L,H,P,WO,L,P,P,P,P,P,WO,WO,P,Ab,DP,P,P,WO,P,P
EMP031,Geetha Verma,LINE 7,20-Feb-21,17,5,0,2,3,2,1,P,P,P,P,WO,WO,P,P,P,Ab,P,WO,Ab,OT1,DP,Ab,P,L,WO,P,DP,P,P,P,L,WO,P,P,P,P,
EMP031,Geetha Verma,LINE 7,20-Feb-21,15,7,2,1,3,1,2,P,Ab,WO,L,Ab,DP,P,P,P,WO,P,P,WO,OT1,P,H,WO,P,P,P,P,P,Ab,WO,WO,H,P,P,OT1,P,WO
EMP032,Girish Joshi,LINE 9,29-May-20,18,5,0,3,4,0,1,WO,P,P,L,P,P,P,WO,P,P,Ab,L,P,P,WO,P,P,Ab,P,P,OT1,WO,Ab,P,L,P,P,P,WO,P,Ab
EMP032,Girish Joshi,LINE 9,29-May-20,18,5,2,0,3,0,0,P,P,Ab,H,WO,P,Ab,P,P,WO,P,WO,P,Ab,P,P,P,P,WO,P,P,P,P,P,H,WO,P,P,,,
EMP032,Girish Joshi,LINE 9,29-May-20,21,5,2,1,1,1,0,P,P,P,P,WO,P,WO,P,DP,P,P,WO,P,P,P,P,P,P,WO,H,P,P,H,Ab,P,WO,P,L,P,P,P
EMP032,Girish Joshi,LINE 9,29-May-20,18,6,2,0,3,1,0,H,WO,P,P,H,P,P,Ab,WO,P,P,P,P,Ab,P,WO,P,P,P,P,P,P,WO,WO,Ab,P,DP,P,P,WO,
EMP032,Girish Joshi,LINE 9,29-May-20,16,4,3,2,4,0,2,P,P,L,P,OT1,Ab,WO,P,P,P,P,P,H,WO,P,H,OT1,P,P,P,WO,P,P,H,Ab,L,Ab,WO,Ab,P,P
EMP032,Girish Joshi,LINE 9,29-May-20,10,8,3,0,4,3,2,WO,H,P,WO,OT1,Ab,WO,P,P,P,WO,H,OT1,P,H,P,DP,WO,P,DP,Ab,WO,Ab,P,WO,DP,P,P,WO,Ab,
EMP032,Girish Joshi,LINE 9,29-May-20,18,7,0,2,0,3,1,P,WO,P,OT1,P,P,P,P,WO,P,P,P,DP,L,P,WO,DP,P,WO,P,P,DP,WO,P,WO,P,P,L,P,WO,P
EMP032,Girish Joshi,LINE 9,29-May-20,20,6,0,2,1,1,1,P,P,P,P,P,WO,WO,P,P,P,P,Ab,WO,WO,L,P,P,P,OT1,WO,P,P,P,P,P,P,WO,L,P,P,DP
EMP032,Girish Joshi,LINE 9,29-May-20,21,6,1,0,1,1,0,P,P,WO,P,P,P,WO,P,P,WO,WO,P,P,P,P,P,WO,P,P,P,P,Ab,P,WO,P,P,P,DP,H,P,
EMP032,Girish Joshi,LINE 9,29-May-20,20,5,0,4,1,1,0,WO,P,P,P,P,P,DP,WO,P,L,P,P,P,P,WO,P,P,P,P,L,P,WO,P,P,L,Ab,P,P,WO,P,L
EMP032,Girish Joshi,LINE 9,29-May-20,18,7,3,0,1,0,1,P,P,P,P,WO,P,P,P,H,WO,H,WO,P,P,P,H,P,P,WO,WO,Ab,P,P,OT1,P,WO,P,WO,P,P,
EMP032,Girish Joshi,LINE 9,29-May-20,16,7,1,3,3,0,1,P,P,WO,P,P,P,Ab,P,P,WO,P,P,OT1,L,Ab,P,WO,L,WO,Ab,P,P,P,WO,P,L,WO,P,H,P,WO
EMP033,Jyothi Kumar,LINE 2,28-Oct-22,17,8,1,0,2,2,1,WO,P,P,WO,DP,P,WO,WO,P,WO,P,P,P,P,WO,P,P,P,P,P,Ab,WO,P,P,Ab,DP,P,H,WO,P,OT1
EMP033,Jyothi Kumar,LINE 2,28-Oct-22,14,6,3,2,3,0,0,P,Ab,P,P,WO,H,P,P,WO,P,H,WO,P,H,L,P,L,P,WO,P,Ab,P,P,P,WO,WO,P,Ab,,,
EMP033,Jyothi Kumar,LINE 2,28-Oct-22,16,4,1,4,3,2,1,L,P,P,P,WO,DP,P,P,P,P,Ab,WO,P,P,P,DP,P,L,WO,OT1,L,H,P,Ab,P,WO,Ab,L,P,P,P
EMP033,Jyothi Kumar,LINE 2,28-Oct-22,16,7,0,3,3,0,1,P,WO,Ab,P,L,P,Ab,Ab,WO,P,WO,P,OT1,P,P,WO,P,P,P,P,P,L,WO,L,P,P,P,WO,P,WO,
EMP033,Jyothi Kumar,LINE 2,28-Oct-22,21,4,1,2,3,0,0,L,Ab,P,P,P,P,WO,P,H,Ab,P,P,Ab,WO,P,P,P,P,P,P,WO,P,P,P,P,P,L,WO,P,P,P
EMP033,Jyothi Kumar,LINE 2,28-Oct-22,17,5,1,0,4,3,0,P,P,P,WO,DP,Ab,P,H,P,Ab,WO,DP,P,P,Ab,DP,P,WO,P,P,WO,P,P,Ab,WO,P,P,P,P,P,
EMP033,Jyothi Kumar,LINE 2,28-Oct-22,13,7,2,2,3,3,1,L,WO,P,P,H,Ab,WO,Ab,WO,P,P,DP,Ab,H,L,WO,P,OT1,DP,P,P,P,WO,P,DP,P,P,P,P,WO,WO
EMP033,Jyothi Kumar,LINE 2,28-Oct-22,16,6,1,3,3,0,2,P,P,Ab,OT1,P,WO,P,L,L,P,Ab,WO,WO,H,P,P,L,WO,P,WO,P,P,P,Ab,OT1,P,WO,P,P,P,P
EMP033,Jyothi Kumar,LINE 2,28-Oct-22,18,5,3,2,1,0,1,P,P,WO,H,Ab,L,P,OT1,P,WO,H,L,P,P,P,P,WO,P,WO,P,P,P,P,WO,P,P,P,P,P,H,
EMP033,Jyothi Kumar,LINE 2,28-Oct-22,15,7,3,2,2,1,1,WO,P,Ab,P,H,DP,L,WO,P,WO,P,P,WO,P,WO,P,Ab,H,P,P,P,WO,P,OT1,P,H,P,P,WO,L,P
EMP033,Jyothi Kumar,LINE 2,28-Oct-22,22,5,0,1,1,0,1,OT1,WO,P,P,WO,P,P,P,P,P,L,WO,P,P,P,P,Ab,P,WO,P,P,P,P,P,P,WO,P,P,P,P,
EMP033,Jyothi Kumar,LINE 2,28-Oct-22,13,6,4,3,4,1,0,Ab,Ab,WO,Ab,L,P,L,P,L,WO,P,P,H,H,P,P,WO,P,H,WO,Ab,DP,P,WO,P,P,P,P,P,H,WO
EMP034,Arun Mehta,LINE 6,17-Aug-19,19,6,0,3,1,2,0,WO,Ab,P,P,L,DP,P,WO,P,P,P,P,P,P,WO,WO,L,L,P,P,P,WO,P,P,P,P,P,P,WO,DP,P
EMP034,Arun Mehta,LINE 6,17-Aug-19,17,5,1,1,3,1,0,Ab,P,P,DP,WO,P,P,P,P,P,L,WO,P,Ab,P,P,P,P,WO,P,P,P,WO,Ab,P,WO,P,H,,,
EMP034,Arun Mehta,LINE 6,17-Aug-19,19,6,2,2,2,0,0,P,H,P,P,WO,WO,Ab,P,H,P,P,WO,P,P,P,P,P,P,WO,L,P,P,Ab,P,P,WO,L,P,P,WO,P
EMP034,Arun Mehta,LINE 6,17-Aug-19,16,5,1,2,2,2,2,OT1,WO,P,P,P,DP,Ab,P,WO,P,L,P,L,P,P,WO,P,P,Ab,P,H,P,WO,OT1,P,P,DP,P,P,WO,
EMP034,Arun Mehta,LINE 6,17-Aug-19,19,4,3,1,4,0,0,P,P,P,H,Ab,P,WO,P,P,P,P,P,Ab,WO,P,P,P,L,P,P,WO,H,P,P,H,Ab,P,WO,P,P,Ab
EMP034,Arun Mehta,LINE 6,17-Aug-19,19,5,0,3,2,0,1,WO,P,P,WO,P,P,L,P,P,L,WO,P,P,P,P,P,P,WO,P,P,OT1,P,P,L,WO,Ab,Ab,P,P,P,
EMP034,Arun Mehta,LINE 6,17-Aug-19,14,6,3,0,5,1,2,P,WO,DP,H,P,P,P,WO,WO,OT1,P,Ab,Ab,Ab,P,WO,P,P,H,P,Ab,Ab,WO,P,P,OT1,P,H,P,WO,P
EMP034,Arun Mehta,LINE 6,17-Aug-19,19,4,0,1,5,2,0,P,P,Ab,P,P,WO,P,P,L,Ab,DP,P,WO,Ab,P,P,P,P,P,WO,P,P,DP,P,P,P,WO,P,Ab,P,Ab
EMP034,Arun Mehta,LINE 6,17-Aug-19,17,5,1,2,3,0,2,P,P,WO,P,P,P,L,H,OT1,WO,P,P,P,P,P,P,WO,P,P,P,Ab,P,Ab,WO,OT1,L,Ab,WO,P,P,
EMP034,Arun Mehta,LINE 6,17-Aug-19,12,5,3,2,6,2,1,WO,Ab,L,P,Ab,DP,P,WO,L,P,Ab,P,P,DP,WO,P,H,P,Ab,P,P,WO,H,Ab,P,P,P,Ab,WO,OT1,H
EMP034,Arun Mehta,LINE 6,17-Aug-19,16,5,2,3,3,1,0,P,P,P,L,WO,H,P,P,P,P,P,WO,L,H,P,Ab,P,DP,WO,L,P,Ab,WO,Ab,P,WO,P,P,P,P,
EMP034,Arun Mehta,LINE 6,17-Aug-19,17,7,2,1,2,2,0,DP,WO,WO,P,P,L,H,P,P,WO,Ab,DP,Ab,H,P,P,WO,P,P,P,P,P,P,WO,P,P,P,WO,P,P,WO
EMP035,Ganesh Mishra,LINE 3,18-Jul-21,17,7,1,4,1,1,0,WO,P,P,P,L,P,P,WO,P,P,P,Ab,L,P,WO,DP,P,WO,P,P,P,WO,P,WO,H,L,P,L,WO,P,P
EMP035,Ganesh Mishra,LINE 3,18-Jul-21,17,4,1,3,2,1,0,P,P,P,Ab,WO,L,P,L,P,P,P,WO,P,P,Ab,P,H,P,WO,L,P,P,P,P,P,WO,P,DP,,,
EMP035,Ganesh Mishra,LINE 3,18-Jul-21,16,5,3,3,3,1,0,P,P,P,P,WO,H,L,P,H,Ab,L,WO,P,WO,P,P,P,P,WO,P,Ab,P,L,Ab,P,WO,P,H,DP,P,P
EMP035,Ganesh Mishra,LINE 3,18-Jul-21,17,6,2,3,1,1,0,DP,WO,P,P,P,P,P,P,WO,L,P,P,P,L,WO,WO,P,H,P,P,P,H,WO,L,P,P,Ab,P,P,WO,
EMP035,Ganesh Mishra,LINE 3,18-Jul-21,22,5,1,1,1,1,0,H,L,P,P,P,P,WO,P,P,P,P,P,WO,WO,P,P,P,DP,P,P,WO,Ab,P,P,P,P,P,WO,P,P,P
EMP035,Ganesh Mishra,LINE 3,18-Jul-21,20,4,1,2,1,0,2,P,OT1,P,WO,P,P,P,P,P,L,WO,OT1,P,P,Ab,P,P,WO,P,P,P,H,P,P,WO,L,P,P,P,P,
EMP035,Ganesh Mishra,LINE 3,18-Jul-21,15,8,2,3,1,0,2,P,WO,P,P,P,WO,L,L,WO,P,P,WO,P,H,P,WO,Ab,OT1,P,P,WO,P,WO,L,P,H,P,P,OT1,WO,P
EMP035,Ganesh Mishra,LINE 3,18-Jul-21,18,6,3,1,2,1,0,P,P,L,P,H,WO,P,P,P,P,P,Ab,WO,WO,P,P,P,WO,P,WO,P,P,P,H,P,P,WO,P,DP,Ab,H
EMP035,Ganesh Mishra,LINE 3,18-Jul-21,19,5,0,2,3,0,1,Ab,P,WO,P,L,P,P,P,P,WO,OT1,P,P,WO,P,P,WO,P,P,P,P,P,P,WO,P,Ab,P,L,Ab,P,
EMP035,Ganesh Mishra,LINE 3,18-Jul-21,16,7,1,5,1,0,1,WO,P,P,P,P,P,WO,WO,P,P,H,P,P,P,WO,L,P,L,P,L,P,WO,P,L,Ab,WO,P,P,WO,L,OT1
EMP035,Ganesh Mishra,LINE 3,18-Jul-21,17,5,0,1,5,2,0,P,L,P,P,WO,Ab,P,Ab,P,P,P,WO,WO,P,P,P,P,P,WO,P,P,P,P,P,Ab,WO,Ab,DP,DP,Ab,
EMP035,Ganesh Mishra,LINE 3,18-Jul-21,17,7,3,1,1,1,1,H,Ab,WO,P,P,L,WO,P,P,WO,P,P,P,P,WO,H,WO,P,P,OT1,DP,P,P,WO,H,P,P,P,P,P,WO
EMP036,Amit Mehta,LINE 9,01-Jan-20,15,6,0,3,5,0,2,WO,P,P,P,Ab,P,P,WO,P,P,P,WO,P,P,WO,OT1,L,Ab,Ab,OT1,P,WO,P,P,Ab,L,L,P,WO,P,Ab
EMP036,Amit Mehta,LINE 9,01-Jan-20,14,4,2,0,5,2,1,P,H,Ab,P,WO,P,Ab,P,P,P,P,WO,P,OT1,P,P,P,Ab,WO,Ab,P,H,Ab,P,DP,WO,P,DP,,,
EMP036,Amit Mehta,LINE 9,01-Jan-20,19,6,3,1,2,0,0,P,Ab,WO,P,WO,L,P,H,P,P,P,WO,P,P,P,H,Ab,P,WO,P,P,P,P,WO,P,WO,P,P,P,H,P
EMP036,Amit Mehta,LINE 9,01-Jan-20,16,5,2,3,3,1,0,P,WO,DP,L,L,P,P,P,WO,H,P,Ab,P,Ab,P,WO,L,P,P,H,P,P,WO,P,P,P,Ab,P,P,WO,
EMP036,Amit Mehta,LINE 9,01-Jan-20,17,6,1,5,2,0,0,WO,P,P,P,P,P,WO,P,P,Ab,P,Ab,P,WO,P,P,H,P,L,L,WO,P,WO,P,L,L,P,WO,L,P,P
EMP036,Amit Mehta,LINE 9,01-Jan-20,21,5,1,1,2,0,0,P,P,WO,WO,P,P,P,P,P,P,WO,P,H,P,Ab,P,P,WO,P,P,P,Ab,P,P,WO,P,P,L,P,P,
EMP036,Amit Mehta,LINE 9,01-Jan-20,12,6,0,3,5,3,2,P,WO,P,Ab,P,P,P,WO,WO,P,OT1,Ab,L,Ab,P,WO,P,L,DP,P,P,P,WO,Ab,Ab,DP,DP,P,OT1,WO,L
EMP036,Amit Mehta,LINE 9,01-Jan-20,17,7,0,2,3,1,1,P,P,DP,OT1,P,WO,L,L,P,P,P,P,WO,Ab,P,P,P,P,P,WO,P,WO,Ab,P,P,P,WO,P,WO,WO,Ab
EMP036,Amit Mehta,LINE 9,01-Jan-20,13,5,3,7,2,0,0,WO,Ab,WO,H,L,P,P,L,P,WO,L,Ab,L,H,P,P,WO,P,P,H,P,P,P,WO,L,P,P,L,P,L,
EMP036,Amit Mehta,LINE 9,01-Jan-20,17,8,0,2,3,1,0,WO,Ab,P,P,P,P,P,WO,P,WO,P,P,P,L,WO,P,DP,P,P,WO,Ab,WO,P,P,WO,P,Ab,L,WO,P,P
EMP036,Amit Mehta,LINE 9,01-Jan-20,19,5,0,3,0,2,1,P,P,P,P,WO,DP,P,L,P,P,P,WO,P,L,P,P,P,P,WO,P,P,L,OT1,P,P,WO,WO,P,P,DP,
EMP036,Amit Mehta,LINE 9,01-Jan-20,20,6,2,2,1,0,0,P,P,WO,L,H,P,P,P,P,WO,P,P,Ab,WO,P,P,WO,P,L,P,P,P,P,WO,P,P,P,P,P,H,WO
EMP037,Mahesh Singh,LINE 5,01-Aug-22,15,6,3,1,3,0,3,WO,P,P,P,H,P,P,WO,P,OT1,WO,P,L,Ab,WO,H,P,P,P,P,P,WO,OT1,P,Ab,P,OT1,P,WO,Ab,H
EMP037,Mahesh Singh,LINE 5,01-Aug-22,14,6,1,3,3,1,0,P,P,DP,P,WO,WO,Ab,Ab,P,P,P,WO,P,P,P,Ab,P,L,WO,P,P,L,P,H,L,WO,P,WO,,,
EMP037,Mahesh Singh,LINE 5,01-Aug-22,21,5,1,1,2,0,1,P,Ab,WO,P,WO,P,P,P,P,P,P,WO,OT1,P,P,P,P,P,WO,P,H,L,P,P,P,WO,P,Ab,P,P,P
EMP037,Mahesh Singh,LINE 5,01-Aug-22,17,8,1,0,1,1,2,P,WO,P,H,P,WO,WO,P,WO,P,Ab,DP,P,P,P,WO,P,OT1,P,P,P,WO,WO,P,P,P,P,P,OT1,WO,
EMP037,Mahesh Singh,LINE 5,01-Aug-22,18,4,1,2,3,1,2,P,OT1,P,P,P,Ab,WO,P,P,Ab,P,P,OT1,WO,P,P,P,L,H,P,WO,P,L,P,P,P,P,WO,P,Ab,DP
EMP037,Mahesh Singh,LINE 5,01-Aug-22,18,5,0,2,3,0,2,L,P,P,WO,P,Ab,P,P,L,P,WO,Ab,P,P,P,P,P,WO,P,Ab,P,WO,OT1,P,WO,P,P,P,P,OT1,
EMP037,Mahesh Singh,LINE 5,01-Aug-22,15,6,2,0,6,2,0,P,WO,H,DP,P,P,P,P,WO,P,P,H,Ab,WO,P,WO,Ab,Ab,P,P,Ab,P,WO,DP,Ab,P,P,Ab,P,WO,P
EMP037,Mahesh Singh,LINE 5,01-Aug-22,16,5,1,2,3,1,3,P,P,OT1,L,OT1,WO,P,P,P,P,Ab,P,WO,P,DP,P,P,WO,Ab,WO,OT1,Ab,P,P,P,H,WO,P,L,P,P
EMP037,Mahesh Singh,LINE 5,01-Aug-22,18,4,2,5,1,0,0,P,P,WO,H,P,P,L,L,P,WO,H,P,P,P,P,P,WO,P,L,L,P,P,P,WO,P,Ab,L,P,P,P,
EMP037,Mahesh Singh,LINE 5,01-Aug-22,19,7,1,2,1,1,0,WO,P,Ab,P,P,P,P,WO,P,L,WO,P,P,L,WO,P,P,P,P,P,P,WO,DP,P,P,P,P,P,WO,H,WO
EMP037,Mahesh Singh,LINE 5,01-Aug-22,20,4,2,0,3,0,1,P,P,P,P,WO,P,P,P,P,P,H,WO,H,OT1,P,P,P,P,WO,P,Ab,P,P,Ab,P,WO,P,P,P,Ab,
EMP037,Mahesh Singh,LINE 5,01-Aug-22,17,6,0,3,4,1,0,P,DP,WO,P,P,P,P,L,L,WO,P,P,P,Ab,Ab,Ab,WO,Ab,L,P,P,P,WO,WO,P,P,P,P,P,P,WO
EMP038,Mahesh Nair,LINE 3,04-Feb-21,17,8,2,0,3,0,1,WO,H,Ab,OT1,P,P,P,WO,P,H,WO,WO,P,WO,WO,P,P,P,P,P,P,WO,Ab,P,Ab,P,P,P,WO,P,P
EMP038,Mahesh Nair,LINE 3,04-Feb-21,18,4,0,4,2,0,0,P,P,L,P,WO,P,P,P,P,P,P,WO,P,P,P,P,Ab,P,WO,Ab,L,P,L,P,P,WO,P,L,,,
EMP038,Mahesh Nair,LINE 3,04-Feb-21,21,4,0,0,2,2,2,P,P,P,P,WO,P,DP,P,Ab,P,P,WO,P,P,P,OT1,DP,P,WO,P,OT1,P,P,P,P,WO,P,Ab,P,P,P
EMP038,Mahesh Nair,LINE 3,04-Feb-21,14,6,0,6,1,2,1,P,WO,L,L,P,P,P,P,WO,P,P,P,P,P,P,WO,L,L,Ab,P,P,DP,WO,OT1,WO,L,L,P,DP,WO,
EMP038,Mahesh Nair,LINE 3,04-Feb-21,17,4,3,4,1,1,1,P,Ab,P,P,P,P,WO,H,P,P,P,P,L,WO,P,DP,P,L,OT1,L,WO,P,H,P,H,P,P,WO,P,L,P
EMP038,Mahesh Nair,LINE 3,04-Feb-21,19,6,1,0,3,0,1,P,P,P,WO,P,Ab,P,P,P,P,WO,H,P,OT1,P,WO,WO,WO,Ab,P,P,P,P,P,WO,P,P,P,Ab,P,
EMP038,Mahesh Nair,LINE 3,04-Feb-21,17,5,2,4,3,0,0,P,WO,H,P,L,P,P,P,WO,P,P,P,P,P,L,WO,P,P,P,P,L,P,WO,L,H,P,Ab,Ab,P,WO,Ab
EMP038,Mahesh Nair,LINE 3,04-Feb-21,20,5,3,2,1,0,0,P,P,P,P,WO,WO,H,P,H,P,P,P,WO,P,P,P,P,Ab,P,WO,P,P,P,P,L,L,WO,P,P,P,H
EMP038,Mahesh Nair,LINE 3,04-Feb-21,13,6,1,5,3,0,2,P,OT1,WO,L,P,L,Ab,P,Ab,WO,P,OT1,L,L,P,P,WO,P,Ab,H,WO,P,P,WO,P,P,WO,L,P,P,
EMP038,Mahesh Nair,LINE 3,04-Feb-21,17,7,0,4,3,0,0,WO,P,P,L,P,P,P,WO,P,P,WO,P,P,WO,WO,L,P,P,Ab,Ab,P,WO,L,P,P,P,P,Ab,WO,L,P
EMP038,Mahesh Nair,LINE 3,04-Feb-21,19,4,2,1,2,2,0,DP,P,P,P,WO,P,P,P,P,DP,P,WO,P,P,Ab,P,Ab,P,WO,P,H,H,P,P,P,WO,P,P,L,P,
EMP038,Mahesh Nair,LINE 3,04-Feb-21,15,5,2,3,4,1,1,P,Ab,WO,H,P,L,P,P,P,WO,H,P,P,OT1,L,P,WO,P,P,P,P,L,P,WO,Ab,P,DP,Ab,P,Ab,WO
EMP039,Arjun Kumar,LINE 10,25-Oct-20,18,7,0,2,1,2,1,WO,P,OT1,P,P,P,P,WO,DP,P,P,P,P,P,WO,P,P,P,WO,L,P,WO,L,Ab,WO,P,P,P,WO,P,DP
EMP039,Arjun Kumar,LINE 10,25-Oct-20,15,4,1,2,5,1,0,DP,H,L,P,WO,Ab,P,P,P,P,P,WO,Ab,P,P,L,P,Ab,WO,P,Ab,Ab,P,P,P,WO,P,P,,,
EMP039,Arjun Kumar,LINE 10,25-Oct-20,17,5,2,0,4,1,2,P,Ab,P,OT1,WO,P,P,OT1,Ab,P,P,WO,P,P,P,P,Ab,P,WO,WO,P,P,H,P,H,WO,Ab,P,P,P,DP
EMP039,Arjun Kumar,LINE 10,25-Oct-20,16,8,0,1,3,1,1,P,WO,P,P,P,Ab,P,P,WO,P,WO,P,OT1,WO,P,WO,P,Ab,L,P,P,WO,WO,P,DP,P,Ab,P,P,WO,
EMP039,Arjun Kumar,LINE 10,25-Oct-20,21,4,0,4,2,0,0,P,P,P,P,L,P,WO,P,P,P,P,P,L,WO,P,P,P,P,P,P,WO,P,L,Ab,P,Ab,P,WO,L,P,P
EMP039,Arjun Kumar,LINE 10,25-Oct-20,17,6,0,0,3,2,2,WO,WO,P,WO,P,P,P,P,DP,P,WO,P,P,P,P,P,Ab,WO,P,P,OT1,P,Ab,P,WO,P,DP,OT1,P,Ab,
EMP039,Arjun Kumar,LINE 10,25-Oct-20,17,5,1,2,3,3,0,P,WO,P,H,P,P,P,Ab,WO,P,L,P,P,DP,P,WO,P,P,P,P,P,Ab,WO,L,P,DP,P,Ab,P,WO,DP
EMP039,Arjun Kumar,LINE 10,25-Oct-20,15,4,0,4,3,4,1,DP,P,Ab,OT1,Ab,WO,P,P,DP,P,P,P,WO,P,Ab,P,DP,P,P,WO,P,L,L,L,DP,P,WO,L,P,P,P
EMP039,Arjun Kumar,LINE 10,25-Oct-20,15,6,2,1,3,2,1,Ab,P,WO,DP,P,Ab,P,H,DP,WO,P,P,WO,L,P,P,WO,P,P,P,P,WO,P,WO,P,H,P,P,OT1,Ab,
EMP039,Arjun Kumar,LINE 10,25-Oct-20,14,7,0,2,5,1,2,WO,P,P,OT1,P,Ab,P,WO,P,P,Ab,WO,L,L,WO,P,P,OT1,P,P,P,WO,Ab,WO,Ab,DP,P,P,WO,Ab,P
EMP039,Arjun Kumar,LINE 10,25-Oct-20,16,5,2,3,3,0,1,H,P,P,P,WO,P,Ab,OT1,P,P,L,WO,P,P,P,WO,P,L,WO,H,P,Ab,P,P,Ab,WO,P,P,P,L,
EMP039,Arjun Kumar,LINE 10,25-Oct-20,13,7,1,4,3,3,0,DP,P,WO,P,L,P,WO,Ab,P,WO,P,H,P,L,Ab,P,WO,P,DP,L,P,L,WO,WO,P,P,P,DP,P,Ab,WO
EMP040,Radha Kumar,LINE 2,13-Jan-21,14,5,2,5,3,0,2,WO,L,H,Ab,P,L,P,WO,OT1,P,P,P,P,OT1,WO,P,L,P,L,P,P,WO,P,P,L,Ab,Ab,P,WO,P,H
EMP040,Radha Kumar,LINE 2,13-Jan-21,13,4,3,4,3,1,0,Ab,P,L,P,WO,H,P,P,P,P,P,WO,P,H,P,L,Ab,L,WO,DP,P,P,P,Ab,H,WO,P,L,,,
EMP040,Radha Kumar,LINE 2,13-Jan-21,18,6,1,1,3,1,1,P,P,WO,P,WO,P,P,Ab,P,P,H,WO,P,P,Ab,P,DP,L,WO,Ab,P,P,P,OT1,P,WO,P,P,WO,P,P
EMP040,Radha Kumar,LINE 2,13-Jan-21,15,5,2,1,4,0,3,Ab,WO,OT1,P,P,P,P,P,WO,P,P,P,Ab,P,P,WO,P,P,Ab,P,P,Ab,WO,OT1,H,H,OT1,L,P,WO,
EMP040,Radha Kumar,LINE 2,13-Jan-21,16,4,2,2,2,2,3,P,Ab,DP,P,P,DP,WO,P,Ab,OT1,P,P,P,WO,OT1,L,P,P,P,L,WO,P,H,H,P,P,OT1,WO,P,P,P
EMP040,Radha Kumar,LINE 2,13-Jan-21,15,6,4,0,1,3,1,P,P,P,WO,DP,P,P,P,P,P,WO,Ab,P,WO,P,H,P,WO,DP,H,H,P,H,DP,WO,OT1,P,P,P,WO,
EMP040,Radha Kumar,LINE 2,13-Jan-21,18,6,3,1,1,1,1,P,WO,P,Ab,DP,P,P,WO,WO,P,P,P,H,P,P,WO,OT1,P,P,H,H,P,WO,P,L,P,P,P,P,WO,P
EMP040,Radha Kumar,LINE 2,13-Jan-21,19,5,1,1,1,2,2,P,DP,P,DP,P,WO,P,WO,P,P,P,P,WO,H,Ab,P,P,P,P,WO,OT1,P,P,L,P,P,WO,P,OT1,P,P
EMP040,Radha Kumar,LINE 2,13-Jan-21,16,4,1,1,6,2,0,P,DP,WO,P,P,P,P,Ab,P,WO,Ab,DP,P,P,P,P,WO,P,Ab,Ab,P,P,Ab,WO,H,Ab,P,P,L,P,
EMP040,Radha Kumar,LINE 2,13-Jan-21,17,5,0,2,3,3,1,WO,P,P,DP,DP,L,P,WO,P,P,P,P,Ab,P,WO,P,OT1,Ab,DP,Ab,P,WO,P,P,P,P,P,P,WO,P,L
EMP040,Radha Kumar,LINE 2,13-Jan-21,18,5,1,1,4,1,0,P,P,P,Ab,WO,Ab,L,Ab,H,Ab,P,WO,P,WO,P,P,P,P,WO,P,P,P,P,P,P,WO,DP,P,P,P,
EMP040,Radha Kumar,LINE 2,13-Jan-21,16,6,1,3,2,2,1,P,P,WO,P,P,P,OT1,L,L,WO,WO,P,P,DP,P,P,WO,Ab,P,P,H,P,P,WO,P,P,DP,P,L,Ab,WO
EMP041,Rekha Rao,LINE 1,08-May-20,12,7,2,2,5,1,2,WO,H,P,P,P,WO,Ab,WO,P,DP,Ab,H,P,P,WO,P,P,P,Ab,P,WO,WO,Ab,P,P,L,Ab,OT1,WO,OT1,L
EMP041,Rekha Rao,LINE 1,08-May-20,15,6,1,1,5,0,0,P,Ab,P,P,WO,P,WO,Ab,P,P,Ab,WO,P,P,Ab,H,P,WO,WO,P,P,P,Ab,L,P,WO,P,P,,,
EMP041,Rekha Rao,LINE 1,08-May-20,18,7,0,1,2,3,0,P,WO,P,WO,WO,P,P,P,Ab,P,P,WO,P,DP,P,WO,DP,P,WO,P,P,P,P,P,L,WO,Ab,DP,P,P,P
EMP041,Rekha Rao,LINE 1,08-May-20,16,5,0,3,2,3,1,OT1,WO,P,P,P,Ab,P,L,WO,L,P,P,P,P,P,WO,P,DP,L,P,P,P,WO,P,DP,P,DP,Ab,P,WO,
EMP041,Rekha Rao,LINE 1,08-May-20,22,6,0,0,1,2,0,P,P,P,P,P,P,WO,P,P,WO,P,Ab,P,WO,P,P,P,P,DP,P,WO,WO,P,P,P,P,DP,WO,P,P,P
EMP041,Rekha Rao,LINE 1,08-May-20,18,5,1,2,2,1,1,P,P,P,WO,L,L,P,P,P,P,WO,P,P,Ab,DP,P,P,WO,P,P,H,WO,P,P,WO,OT1,P,Ab,P,P,
EMP041,Rekha Rao,LINE 1,08-May-20,18,5,2,1,2,2,1,P,WO,P,P,P,DP,OT1,Ab,WO,P,P,L,P,P,H,WO,P,P,P,Ab,P,DP,WO,P,P,H,P,P,P,WO,P
EMP041,Rekha Rao,LINE 1,08-May-20,19,6,1,2,3,0,0,P,H,P,P,P,WO,P,Ab,WO,P,Ab,P,WO,L,P,P,P,P,P,WO,WO,P,Ab,L,P,P,WO,P,P,P,P
EMP041,Rekha Rao,LINE 1,08-May-20,15,7,2,2,2,2,0,P,P,WO,P,WO,P,WO,P,H,WO,P,P,P,L,P,P,WO,P,Ab,P,DP,P,DP,WO,P,H,Ab,WO,L,P,
EMP041,Rekha Rao,LINE 1,08-May-20,18,5,1,1,6,0,0,WO,P,Ab,P,Ab,P,Ab,WO,P,P,P,Ab,P,Ab,WO,P,L,P,H,P,P,WO,P,Ab,P,P,P,P,WO,P,P
EMP041,Rekha Rao,LINE 1,08-May-20,11,7,0,2,4,2,4,P,OT1,WO,Ab,WO,OT1,WO,P,P,L,P,WO,P,P,P,P,WO,L,WO,DP,P,P,Ab,OT1,DP,WO,P,Ab,OT1,Ab,
EMP041,Rekha Rao,LINE 1,08-May-20,15,6,1,2,4,2,1,P,P,WO,P,P,P,OT1,L,WO,WO,DP,P,H,DP,P,P,WO,L,P,Ab,P,P,Ab,WO,P,P,P,Ab,P,Ab,WO
EMP042,Satish Verma,LINE 2,22-Sep-21,16,7,2,3,2,0,1,WO,P,P,P,P,P,P,WO,H,L,P,P,P,P,WO,OT1,P,H,P,P,Ab,WO,P,P,WO,WO,P,L,WO,Ab,L
EMP042,Satish Verma,LINE 2,22-Sep-21,14,5,1,4,3,1,0,P,P,DP,H,WO,P,P,P,Ab,Ab,P,WO,WO,P,P,P,L,L,WO,P,P,P,P,L,L,WO,Ab,P,,,
EMP042,Satish Verma,LINE 2,22-Sep-21,18,4,2,3,3,1,0,P,L,Ab,P,WO,P,P,Ab,P,Ab,L,WO,P,P,H,P,H,P,WO,P,DP,P,L,P,P,WO,P,P,P,P,P
EMP042,Satish Verma,LINE 2,22-Sep-21,18,7,1,0,1,0,3,OT1,WO,P,P,P,WO,Ab,P,WO,P,P,P,P,P,P,WO,OT1,WO,H,P,P,P,WO,OT1,P,P,P,P,P,WO,
EMP042,Satish Verma,LINE 2,22-Sep-21,14,7,4,4,1,1,0,P,P,L,H,P,WO,WO,DP,P,L,P,P,P,WO,H,P,L,P,L,H,WO,P,H,P,P,Ab,P,WO,WO,WO,P
EMP042,Satish Verma,LINE 2,22-Sep-21,17,4,1,2,4,0,2,P,Ab,P,WO,H,P,P,L,P,OT1,WO,P,P,P,P,P,P,WO,Ab,Ab,OT1,P,Ab,P,WO,P,L,P,P,P,
EMP042,Satish Verma,LINE 2,22-Sep-21,19,6,1,1,0,3,1,P,WO,OT1,P,P,P,L,WO,WO,P,P,P,P,P,P,WO,P,P,P,P,DP,P,WO,P,P,H,P,DP,P,WO,DP
EMP042,Satish Verma,LINE 2,22-Sep-21,19,5,1,2,1,2,1,P,DP,P,P,P,WO,P,P,DP,L,P,P,WO,P,P,P,WO,P,P,WO,P,P,H,L,Ab,P,WO,OT1,P,P,P
EMP042,Satish Verma,LINE 2,22-Sep-21,19,4,0,3,2,0,2,P,P,WO,P,Ab,P,Ab,OT1,L,WO,P,P,P,P,P,P,WO,P,OT1,P,P,P,L,WO,P,P,P,P,P,L,
EMP042,Satish Verma,LINE 2,22-Sep-21,18,5,0,4,2,1,1,WO,P,P,P,P,Ab,DP,WO,P,P,L,L,P,P,WO,Ab,P,P,P,P,L,WO,P,P,P,P,OT1,P,WO,P,L
EMP042,Satish Verma,LINE 2,22-Sep-21,16,5,2,5,1,1,0,P,DP,P,P,WO,H,H,P,L,P,L,WO,P,L,P,P,P,P,WO,WO,L,P,P,Ab,P,WO,P,P,P,L,
EMP042,Satish Verma,LINE 2,22-Sep-21,20,5,2,0,3,1,0,P,P,WO,P,H,P,P,P,DP,WO,P,Ab,P,P,P,H,WO,P,P,P,P,P,Ab,WO,P,P,P,P,Ab,P,WO
EMP043,Vijay Gupta,LINE 3,13-Sep-22,18,5,1,4,1,1,1,WO,H,P,P,P,P,P,WO,DP,P,L,OT1,P,P,WO,L,P,P,P,P,P,WO,P,L,L,P,P,Ab,WO,P,P
EMP043,Vijay Gupta,LINE 3,13-Sep-22,17,7,0,2,2,0,0,P,P,P,Ab,WO,P,P,P,P,P,Ab,WO,P,P,L,WO,P,L,WO,P,WO,WO,P,P,P,WO,P,P,,,
EMP043,Vijay Gupta,LINE 3,13-Sep-22,22,5,2,0,2,0,0,P,H,P,P,WO,Ab,P,P,P,Ab,H,WO,P,P,P,P,P,P,WO,P,P,P,P,P,P,WO,P,WO,P,P,P
EMP043,Vijay Gupta,LINE 3,13-Sep-22,14,6,4,2,4,0,0,P,WO,L,H,Ab,P,P,H,WO,Ab,WO,Ab,L,P,P,WO,P,P,Ab,P,P,P,WO,P,P,P,P,H,H,WO,
EMP043,Vijay Gupta,LINE 3,13-Sep-22,18,5,2,2,1,2,1,P,P,L,Ab,P,P,WO,L,WO,DP,P,P,P,WO,P,P,P,P,P,P,WO,H,DP,P,P,P,OT1,WO,H,P,P
EMP043,Vijay Gupta,LINE 3,13-Sep-22,14,7,1,1,3,3,1,WO,P,P,WO,P,P,P,DP,OT1,Ab,WO,P,P,DP,L,Ab,DP,WO,P,P,H,P,Ab,WO,WO,P,P,P,P,WO,
EMP043,Vijay Gupta,LINE 3,13-Sep-22,14,8,2,1,3,2,1,P,WO,P,P,P,P,P,P,WO,P,Ab,WO,DP,Ab,H,WO,H,P,P,WO,DP,P,WO,WO,L,OT1,P,P,Ab,WO,P
EMP043,Vijay Gupta,LINE 3,13-Sep-22,14,6,4,3,2,1,1,H,L,H,H,P,WO,P,P,L,P,P,Ab,WO,H,P,P,P,P,P,WO,P,OT1,L,P,WO,Ab,WO,WO,P,DP,P
EMP043,Vijay Gupta,LINE 3,13-Sep-22,13,5,1,3,5,0,3,P,P,WO,Ab,P,P,P,WO,Ab,WO,P,Ab,OT1,P,P,P,WO,H,Ab,P,OT1,L,L,WO,P,L,Ab,OT1,P,P,
EMP043,Vijay Gupta,LINE 3,13-Sep-22,15,6,1,4,3,2,0,WO,P,P,P,DP,H,WO,WO,L,P,P,Ab,P,DP,WO,P,L,P,P,P,L,WO,P,P,P,Ab,Ab,P,WO,P,L
EMP043,Vijay Gupta,LINE 3,13-Sep-22,20,5,0,3,0,2,0,P,P,P,P,WO,DP,P,P,L,P,P,WO,L,P,P,P,P,L,WO,P,P,DP,P,P,P,WO,WO,P,P,P,
EMP043,Vijay Gupta,LINE 3,13-Sep-22,21,6,1,0,2,0,1,P,P,WO,P,P,P,P,P,P,WO,P,H,Ab,P,P,P,WO,WO,P,P,OT1,P,P,WO,P,P,Ab,P,P,P,WO
EMP044,Vinod Patel,LINE 5,16-Dec-21,13,7,3,2,4,1,1,WO,H,H,Ab,P,H,P,WO,OT1,P,P,L,Ab,P,WO,P,P,P,Ab,L,DP,WO,P,P,P,WO,P,Ab,WO,WO,P
EMP044,Vinod Patel,LINE 5,16-Dec-21,15,6,0,3,4,0,0,P,WO,P,Ab,WO,P,P,P,P,P,P,WO,Ab,P,P,P,L,L,WO,Ab,L,P,P,P,WO,WO,Ab,P,,,
EMP044,Vinod Patel,LINE 5,16-Dec-21,18,6,2,0,3,2,0,P,H,Ab,P,WO,P,H,DP,P,P,P,WO,WO,P,P,WO,P,P,WO,P,P,P,P,P,P,WO,DP,P,P,Ab,Ab
EMP044,Vinod Patel,LINE 5,16-Dec-21,18,7,1,2,1,0,1,Ab,WO,P,P,P,WO,P,OT1,WO,P,P,P,L,P,P,WO,P,P,P,P,H,P,WO,P,L,P,WO,P,P,WO,
EMP044,Vinod Patel,LINE 5,16-Dec-21,18,4,0,3,5,0,1,Ab,P,Ab,Ab,L,P,WO,P,P,P,P,P,P,WO,L,P,P,P,Ab,P,WO,P,OT1,P,P,L,Ab,WO,P,P,P
EMP044,Vinod Patel,LINE 5,16-Dec-21,15,5,1,4,4,1,0,P,P,Ab,WO,L,P,WO,DP,P,P,WO,Ab,H,P,P,L,Ab,WO,P,L,P,P,P,L,WO,P,P,P,P,Ab,
EMP044,Vinod Patel,LINE 5,16-Dec-21,18,8,0,1,3,1,0,P,WO,P,P,P,P,L,Ab,WO,P,P,P,P,DP,P,WO,P,Ab,WO,WO,Ab,P,WO,WO,P,P,P,P,P,WO,P
EMP044,Vinod Patel,LINE 5,16-Dec-21,19,6,0,3,3,0,0,P,P,P,P,P,WO,P,P,Ab,Ab,P,P,WO,P,L,P,P,P,P,WO,WO,L,Ab,P,L,P,WO,WO,P,P,P
EMP044,Vinod Patel,LINE 5,16-Dec-21,17,4,1,3,2,2,1,L,P,WO,P,H,Ab,P,P,L,WO,Ab,P,P,P,P,P,WO,P,P,P,P,P,P,WO,DP,L,OT1,P,P,DP,
EMP044,Vinod Patel,LINE 5,16-Dec-21,18,6,0,2,3,0,2,WO,Ab,P,OT1,P,P,P,WO,P,P,P,OT1,P,P,WO,P,P,P,P,L,P,WO,Ab,P,P,P,L,Ab,WO,WO,P
EMP044,Vinod Patel,LINE 5,16-Dec-21,19,4,1,2,2,1,1,Ab,P,P,P,WO,P,P,P,P,P,P,WO,P,P,Ab,P,P,P,WO,P,L,L,P,P,DP,WO,P,H,OT1,P,
EMP044,Vinod Patel,LINE 5,16-Dec-21,22,5,2,0,2,0,0,P,P,WO,Ab,P,P,P,P,P,WO,P,P,P,P,P,P,WO,P,P,P,H,P,H,WO,P,P,P,P,P,Ab,WO
EMP045,Girish Mishra,LINE 4,09-Jan-22,19,7,1,2,1,1,0,WO,P,L,P,P,P,P,WO,Ab,P,P,H,P,WO,WO,P,L,P,P,P,P,WO,P,P,P,P,P,DP,WO,P,WO
EMP045,Girish Mishra,LINE 4,09-Jan-22,15,4,1,3,3,0,2,P,L,P,P,WO,P,P,H,Ab,P,P,WO,P,P,OT1,P,P,Ab,WO,P,P,L,Ab,OT1,P,WO,L,P,,,
EMP045,Girish Mishra,LINE 4,09-Jan-22,15,6,0,2,4,4,0,Ab,P,WO,P,WO,P,DP,P,P,Ab,P,WO,Ab,P,P,P,P,P,WO,P,WO,L,DP,DP,P,WO,P,DP,Ab,P,L
EMP045,Girish Mishra,LINE 4,09-Jan-22,17,5,2,3,2,1,0,P,WO,H,P,P,L,P,P,WO,P,L,H,P,DP,P,WO,P,Ab,L,P,P,P,WO,P,P,P,P,P,Ab,WO,
EMP045,Girish Mishra,LINE 4,09-Jan-22,18,5,2,3,1,2,0,Ab,P,P,P,P,P,WO,P,P,L,P,P,P,WO,P,L,WO,P,P,P,WO,P,DP,DP,P,P,H,WO,H,L,P
EMP045,Girish Mishra,LINE 4,09-Jan-22,22,4,1,2,1,0,0,P,P,P,WO,L,P,P,P,P,P,WO,P,P,P,P,P,P,WO,P,P,P,Ab,L,H,WO,P,P,P,P,P,
EMP045,Girish Mishra,LINE 4,09-Jan-22,19,6,0,0,4,2,0,P,WO,P,P,P,Ab,P,P,WO,P,DP,Ab,Ab,P,P,WO,P,P,WO,P,P,P,WO,P,P,DP,Ab,P,P,WO,P
EMP045,Girish Mishra,LINE 4,09-Jan-22,19,4,2,3,1,1,1,Ab,P,OT1,P,H,WO,P,P,P,P,P,P,WO,L,P,P,P,P,P,WO,P,P,P,L,P,L,WO,H,P,P,DP
EMP045,Girish Mishra,LINE 4,09-Jan-22,18,5,1,1,3,2,0,DP,P,WO,WO,P,H,P,P,Ab,WO,P,P,P,P,P,DP,WO,P,P,P,L,P,P,WO,P,Ab,P,P,Ab,P,
EMP045,Girish Mishra,LINE 4,09-Jan-22,12,8,0,3,5,1,2,WO,P,P,P,OT1,Ab,P,WO,P,P,Ab,P,OT1,Ab,WO,DP,P,P,Ab,L,P,WO,WO,P,WO,Ab,P,WO,WO,L,L
EMP045,Girish Mishra,LINE 4,09-Jan-22,17,4,1,3,1,2,2,P,L,P,P,WO,DP,P,OT1,OT1,P,P,WO,L,P,L,P,Ab,P,WO,DP,P,P,P,P,P,WO,H,P,P,P,
EMP045,Girish Mishra,LINE 4,09-Jan-22,19,5,0,1,4,2,0,P,P,WO,Ab,P,P,Ab,P,L,WO,P,P,P,DP,P,P,WO,Ab,P,DP,P,P,Ab,WO,P,P,P,P,P,P,WO
EMP046,Ravi Reddy,LINE 7,07-Oct-22,17,6,0,3,1,0,4,WO,P,P,L,P,P,P,WO,P,OT1,L,P,OT1,P,WO,P,P,OT1,P,WO,L,WO,P,P,P,Ab,P,P,WO,P,OT1
EMP046,Ravi Reddy,LINE 7,07-Oct-22,16,8,0,1,2,0,1,P,L,P,P,WO,P,OT1,P,P,P,P,WO,Ab,P,P,P,P,P,WO,WO,P,P,WO,P,Ab,WO,WO,WO,,,
EMP046,Ravi Reddy,LINE 7,07-Oct-22,20,5,2,3,0,0,1,L,P,P,P,WO,H,P,L,P,OT1,P,WO,P,P,P,P,P,P,WO,P,P,P,P,P,L,WO,WO,P,H,P,P
EMP046,Ravi Reddy,LINE 7,07-Oct-22,19,6,1,0,1,3,0,P,WO,DP,P,P,DP,P,P,WO,P,P,P,P,P,Ab,WO,P,P,P,WO,P,H,WO,P,P,P,DP,P,P,WO,
EMP046,Ravi Reddy,LINE 7,07-Oct-22,14,5,2,4,3,2,1,Ab,P,WO,P,L,DP,WO,P,P,OT1,P,Ab,P,WO,P,DP,Ab,H,P,L,WO,P,H,L,P,P,P,WO,L,P,P
EMP046,Ravi Reddy,LINE 7,07-Oct-22,14,5,2,3,4,1,1,P,WO,H,WO,P,P,Ab,OT1,P,P,WO,P,DP,L,P,H,P,WO,P,L,P,P,P,P,WO,L,P,Ab,Ab,Ab,
EMP046,Ravi Reddy,LINE 7,07-Oct-22,19,6,0,2,1,3,0,P,WO,P,P,P,P,P,WO,WO,P,P,Ab,P,P,P,WO,P,DP,P,P,P,DP,WO,L,P,L,P,P,P,WO,DP
EMP046,Ravi Reddy,LINE 7,07-Oct-22,18,8,1,1,0,1,2,L,P,P,P,P,WO,OT1,P,WO,P,P,P,WO,OT1,P,P,P,P,WO,WO,P,P,DP,P,P,H,WO,P,WO,WO,P
EMP046,Ravi Reddy,LINE 7,07-Oct-22,14,5,0,4,3,3,1,Ab,P,WO,P,P,DP,P,P,P,WO,P,OT1,Ab,Ab,P,P,WO,L,L,DP,DP,P,P,WO,P,L,L,P,P,WO,
EMP046,Ravi Reddy,LINE 7,07-Oct-22,15,6,1,4,1,2,2,WO,P,P,L,P,P,P,WO,DP,H,Ab,P,DP,L,WO,OT1,P,P,P,WO,P,WO,OT1,L,P,P,P,L,WO,P,P
EMP046,Ravi Reddy,LINE 7,07-Oct-22,15,5,1,3,2,2,2,L,P,P,P,WO,L,H,P,OT1,P,WO,WO,Ab,P,L,P,P,P,WO,P,P,P,P,OT1,DP,WO,P,P,Ab,DP,
EMP046,Ravi Reddy,LINE 7,07-Oct-22,18,5,1,1,4,1,1,Ab,P,WO,Ab,P,P,P,P,P,WO,OT1,H,P,P,P,Ab,WO,P,P,L,P,Ab,P,WO,P,DP,P,P,P,P,WO
EMP047,Lalitha Joshi,LINE 9,13-Jul-21,18,5,1,1,4,1,1,WO,P,P,P,P,P,P,WO,P,P,OT1,P,H,Ab,WO,DP,P,Ab,P,P,P,WO,P,Ab,P,P,L,P,WO,P,Ab
EMP047,Lalitha Joshi,LINE 9,13-Jul-21,16,6,0,2,3,1,0,P,P,Ab,L,WO,P,P,WO,P,P,P,WO,Ab,L,P,Ab,P,WO,WO,P,P,P,DP,P,P,WO,P,P,,,
EMP047,Lalitha Joshi,LINE 9,13-Jul-21,19,4,1,3,2,1,1,P,P,P,P,WO,P,L,P,P,P,P,WO,Ab,P,P,P,H,P,WO,DP,Ab,P,OT1,P,P,WO,P,L,L,P,P
EMP047,Lalitha Joshi,LINE 9,13-Jul-21,20,7,0,0,2,0,1,P,WO,P,WO,P,P,P,P,WO,P,Ab,P,P,Ab,P,WO,P,P,P,OT1,P,P,WO,P,P,P,P,P,WO,WO,
EMP047,Lalitha Joshi,LINE 9,13-Jul-21,14,8,4,2,1,1,1,P,P,OT1,H,H,WO,WO,P,P,DP,P,WO,H,WO,L,P,P,P,P,H,WO,L,Ab,P,P,WO,WO,WO,P,P,P
EMP047,Lalitha Joshi,LINE 9,13-Jul-21,17,5,1,3,3,1,0,P,P,Ab,WO,Ab,WO,P,DP,P,P,WO,P,P,L,Ab,H,P,WO,P,P,P,P,P,L,WO,P,L,P,P,P,
EMP047,Lalitha Joshi,LINE 9,13-Jul-21,19,5,0,1,3,2,1,P,WO,P,Ab,Ab,DP,P,P,WO,P,P,L,P,P,OT1,WO,P,P,P,P,P,P,WO,P,Ab,P,P,P,P,WO,DP
EMP047,Lalitha Joshi,LINE 9,13-Jul-21,16,5,0,2,4,3,1,P,Ab,P,P,DP,WO,DP,Ab,P,Ab,Ab,P,WO,OT1,P,DP,P,WO,P,WO,P,P,P,P,P,L,WO,P,L,P,P
EMP047,Lalitha Joshi,LINE 9,13-Jul-21,15,7,0,1,4,1,2,WO,DP,WO,P,P,P,P,Ab,P,WO,Ab,P,L,P,P,P,WO,P,WO,P,Ab,P,Ab,WO,P,P,OT1,P,WO,OT1,
EMP047,Lalitha Joshi,LINE 9,13-Jul-21,16,5,3,1,4,1,1,WO,P,P,H,P,P,P,WO,Ab,P,OT1,P,Ab,Ab,WO,P,Ab,P,P,P,P,WO,H,DP,P,P,P,P,WO,L,H
EMP047,Lalitha Joshi,LINE 9,13-Jul-21,14,6,1,4,2,1,2,Ab,P,OT1,L,WO,Ab,P,P,P,P,P,WO,WO,DP,L,P,P,H,WO,OT1,P,WO,P,L,P,WO,P,P,L,P,
EMP047,Lalitha Joshi,LINE 9,13-Jul-21,18,6,2,2,3,0,0,P,P,WO,P,P,P,H,H,P,WO,L,L,Ab,P,WO,Ab,WO,P,P,P,P,P,Ab,WO,P,P,P,P,P,P,WO
EMP048,Meena Rao,LINE 4,12-May-19,14,7,2,2,5,1,0,WO,WO,P,H,H,Ab,P,WO,Ab,P,DP,P,P,P,WO,L,P,WO,P,P,P,WO,Ab,P,P,P,Ab,L,WO,Ab,P
EMP048,Meena Rao,LINE 4,12-May-19,15,4,2,4,3,0,0,P,L,P,P,WO,P,L,P,P,H,P,WO,Ab,P,P,P,H,L,WO,P,P,Ab,L,P,P,WO,Ab,P,,,
EMP048,Meena Rao,LINE 4,12-May-19,20,6,0,3,1,0,1,P,P,P,P,WO,P,P,P,L,P,P,WO,Ab,P,L,WO,P,P,WO,P,P,P,P,L,P,WO,WO,OT1,P,P,P
EMP048,Meena Rao,LINE 4,12-May-19,13,7,2,6,0,1,1,P,WO,WO,P,L,P,P,L,WO,L,P,P,P,DP,P,WO,L,P,P,L,H,P,WO,H,OT1,P,WO,L,P,WO,
EMP048,Meena Rao,LINE 4,12-May-19,24,5,0,2,0,0,0,P,P,P,P,P,WO,WO,P,P,P,L,P,L,WO,P,P,P,P,P,P,WO,P,P,P,P,P,P,WO,P,P,P
EMP048,Meena Rao,LINE 4,12-May-19,20,5,1,3,1,0,0,P,P,P,WO,P,P,P,P,P,WO,WO,P,L,L,P,P,H,WO,P,P,P,P,Ab,P,WO,P,L,P,P,P,
EMP048,Meena Rao,LINE 4,12-May-19,19,5,0,1,3,3,0,DP,WO,Ab,P,P,P,P,P,WO,P,Ab,P,P,P,P,WO,P,P,Ab,P,DP,P,WO,DP,P,P,L,P,P,WO,P
EMP048,Meena Rao,LINE 4,12-May-19,18,6,3,2,1,0,1,P,P,WO,P,P,WO,P,P,WO,H,P,P,WO,P,P,H,P,H,P,WO,P,P,L,P,Ab,L,WO,P,OT1,P,P
EMP048,Meena Rao,LINE 4,12-May-19,15,6,1,4,3,1,0,L,L,WO,Ab,P,P,P,WO,P,WO,WO,P,DP,Ab,P,P,WO,P,P,P,P,P,L,WO,P,Ab,L,H,P,P,
EMP048,Meena Rao,LINE 4,12-May-19,16,7,1,2,3,0,2,WO,P,P,OT1,P,OT1,P,WO,Ab,P,WO,P,WO,P,WO,Ab,P,Ab,P,L,P,WO,L,P,P,H,P,P,WO,P,P
EMP048,Meena Rao,LINE 4,12-May-19,18,4,2,2,3,1,0,P,P,P,H,WO,L,P,P,P,P,P,WO,P,P,P,P,P,Ab,WO,Ab,H,DP,Ab,P,P,WO,L,P,P,P,
EMP048,Meena Rao,LINE 4,12-May-19,17,5,2,2,3,0,2,P,P,WO,P,Ab,Ab,P,P,L,WO,OT1,P,P,L,P,P,WO,P,Ab,P,P,P,H,WO,P,P,OT1,P,H,P,WO
EMP049,Usha Kumar,LINE 10,08-Feb-22,20,5,1,3,1,1,0,WO,P,P,P,P,L,P,WO,P,P,P,P,P,L,WO,P,P,P,P,P,Ab,WO,P,L,P,P,H,DP,WO,P,P
EMP049,Usha Kumar,LINE 10,08-Feb-22,16,6,1,3,1,1,0,P,P,P,P,WO,P,DP,WO,Ab,P,P,WO,P,H,L,P,L,P,WO,P,P,P,L,P,WO,WO,P,P,,,
EMP049,Usha Kumar,LINE 10,08-Feb-22,19,4,1,2,4,0,1,L,P,P,P,WO,OT1,P,P,P,Ab,P,WO,Ab,P,P,P,P,H,WO,P,P,P,Ab,P,L,WO,P,P,P,P,Ab
EMP049,Usha Kumar,LINE 10,08-Feb-22,15,5,1,2,4,1,2,P,WO,P,Ab,P,OT1,Ab,P,WO,DP,P,P,P,L,OT1,WO,L,P,P,Ab,Ab,H,WO,P,P,P,P,P,P,WO,
EMP049,Usha Kumar,LINE 10,08-Feb-22,16,6,1,3,2,2,1,P,P,WO,P,L,P,WO,OT1,P,P,P,P,DP,WO,H,P,P,L,P,P,WO,P,DP,P,P,L,Ab,WO,WO,Ab,P
EMP049,Usha Kumar,LINE 10,08-Feb-22,12,5,1,6,5,1,0,L,H,WO,WO,L,Ab,P,P,P,L,WO,P,P,P,P,P,P,WO,L,Ab,P,L,Ab,DP,WO,Ab,P,Ab,L,P,
EMP049,Usha Kumar,LINE 10,08-Feb-22,17,7,0,2,3,1,1,L,WO,L,P,P,DP,P,P,WO,P,P,P,P,P,P,WO,Ab,P,P,P,P,OT1,WO,P,P,P,WO,Ab,WO,WO,Ab
EMP049,Usha Kumar,LINE 10,08-Feb-22,18,7,0,4,1,0,1,P,WO,P,P,L,WO,P,P,P,P,WO,OT1,WO,Ab,P,P,P,L,L,WO,P,L,P,P,WO,P,WO,P,P,P,P
EMP049,Usha Kumar,LINE 10,08-Feb-22,11,4,0,6,9,0,0,Ab,P,WO,P,L,P,Ab,Ab,L,WO,L,P,P,Ab,P,Ab,WO,L,P,P,P,L,Ab,WO,P,Ab,Ab,Ab,P,L,
EMP049,Usha Kumar,LINE 10,08-Feb-22,18,6,1,2,1,1,2,WO,P,WO,P,P,Ab,P,WO,OT1,P,OT1,P,P,P,WO,P,P,L,L,P,DP,WO,P,P,P,P,P,P,WO,H,P
EMP049,Usha Kumar,LINE 10,08-Feb-22,22,5,2,0,1,0,0,P,P,P,P,WO,P,P,P,P,H,P,WO,P,P,P,P,P,P,WO,H,P,P,P,Ab,WO,WO,P,P,P,P,
EMP049,Usha Kumar,LINE 10,08-Feb-22,12,6,1,2,4,4,2,Ab,H,WO,L,Ab,Ab,OT1,P,DP,WO,P,L,P,DP,WO,P,WO,OT1,P,P,P,P,DP,WO,P,DP,P,Ab,P,P,WO
EMP050,Manoj Rao,LINE 1,26-May-19,17,6,1,1,3,0,3,WO,Ab,P,P,OT1,Ab,WO,WO,P,P,P,P,P,L,WO,OT1,P,P,P,OT1,P,WO,P,P,Ab,P,P,P,WO,H,P
EMP050,Manoj Rao,LINE 1,26-May-19,14,5,1,1,7,0,0,P,P,Ab,P,WO,P,L,P,P,P,P,WO,WO,Ab,P,P,Ab,Ab,WO,H,P,P,Ab,P,Ab,WO,P,Ab,,,
EMP050,Manoj Rao,LINE 1,26-May-19,15,5,2,3,4,1,1,Ab,P,L,P,WO,P,P,OT1,P,P,H,WO,P,H,P,P,P,L,WO,Ab,P,Ab,Ab,P,WO,WO,P,P,P,L,DP
EMP050,Manoj Rao,LINE 1,26-May-19,16,6,2,3,1,1,1,P,WO,L,P,H,P,WO,OT1,WO,P,H,P,DP,P,P,WO,L,P,L,P,P,P,WO,P,Ab,P,P,P,P,WO,
EMP050,Manoj Rao,LINE 1,26-May-19,18,8,0,1,0,2,2,OT1,WO,WO,P,P,OT1,WO,DP,WO,P,P,P,WO,WO,DP,P,P,P,P,P,WO,P,P,P,L,P,P,WO,P,P,P
EMP050,Manoj Rao,LINE 1,26-May-19,19,6,2,0,2,0,1,P,P,Ab,WO,P,P,P,P,H,WO,WO,P,OT1,P,WO,P,P,WO,P,Ab,P,H,P,P,WO,P,P,P,P,P,
EMP050,Manoj Rao,LINE 1,26-May-19,16,7,0,3,3,1,1,L,WO,Ab,WO,P,P,P,Ab,WO,P,P,P,L,WO,P,WO,P,P,L,DP,P,P,WO,OT1,P,P,P,P,P,WO,Ab
EMP050,Manoj Rao,LINE 1,26-May-19,13,9,3,3,3,0,0,P,H,P,Ab,P,WO,P,P,H,L,P,WO,WO,P,P,WO,L,P,WO,WO,Ab,WO,Ab,L,P,H,WO,P,P,P,WO
EMP050,Manoj Rao,LINE 1,26-May-19,14,5,2,2,5,2,0,P,Ab,WO,P,H,Ab,P,P,P,WO,P,P,P,L,P,P,WO,P,DP,WO,H,Ab,L,WO,Ab,P,DP,P,Ab,P,
EMP050,Manoj Rao,LINE 1,26-May-19,13,8,2,1,2,5,0,WO,P,P,P,WO,Ab,P,WO,L,H,DP,P,DP,P,WO,DP,P,DP,P,WO,P,WO,P,WO,P,Ab,DP,P,WO,H,P
EMP050,Manoj Rao,LINE 1,26-May-19,19,6,1,1,1,2,0,P,P,P,DP,WO,DP,P,P,P,P,WO,WO,L,P,P,P,P,WO,WO,P,P,Ab,P,P,P,WO,P,P,H,P,
EMP050,Manoj Rao,LINE 1,26-May-19,17,6,1,1,5,1,0,P,P,WO,Ab,P,P,P,P,P,WO,P,P,H,P,Ab,L,WO,P,Ab,P,P,P,Ab,WO,P,DP,P,Ab,WO,P,WO
EMP051,Sneha Rao,LINE 2,06-Mar-19,18,5,1,3,2,2,0,WO,P,DP,L,P,P,P,WO,P,DP,P,P,P,P,WO,H,P,P,P,P,Ab,WO,P,Ab,P,P,P,P,WO,L,L
EMP051,Sneha Rao,LINE 2,06-Mar-19,17,5,2,3,0,1,0,P,P,P,L,WO,P,L,P,P,P,P,WO,P,P,P,H,WO,P,WO,P,P,DP,L,P,H,WO,P,P,,,
EMP051,Sneha Rao,LINE 2,06-Mar-19,14,4,0,4,6,3,0,P,DP,Ab,DP,WO,L,P,P,P,Ab,Ab,WO,P,L,P,P,P,P,WO,DP,P,Ab,Ab,L,L,WO,Ab,P,P,P,P
EMP051,Sneha Rao,LINE 2,06-Mar-19,20,5,0,0,2,1,2,P,WO,P,P,P,P,P,Ab,WO,P,P,P,OT1,P,P,WO,Ab,OT1,P,P,P,P,WO,DP,P,P,P,P,P,WO,
EMP051,Sneha Rao,LINE 2,06-Mar-19,20,4,3,2,1,1,0,H,P,P,P,DP,P,WO,L,P,P,L,H,P,WO,P,P,P,Ab,P,P,WO,P,P,P,P,P,P,WO,P,H,P
EMP051,Sneha Rao,LINE 2,06-Mar-19,17,5,2,2,3,1,0,P,P,P,WO,P,P,P,L,Ab,P,WO,P,H,P,P,P,P,WO,Ab,DP,P,P,P,L,WO,WO,P,Ab,P,H,
EMP051,Sneha Rao,LINE 2,06-Mar-19,13,7,3,2,3,3,0,P,WO,P,P,P,P,P,P,WO,WO,P,L,H,Ab,WO,WO,DP,DP,Ab,P,P,P,WO,P,P,H,Ab,DP,H,WO,L
EMP051,Sneha Rao,LINE 2,06-Mar-19,19,6,2,1,2,1,0,WO,P,P,P,P,WO,P,P,WO,H,P,P,WO,Ab,P,P,P,P,P,WO,P,H,Ab,P,L,P,WO,DP,P,P,P
EMP051,Sneha Rao,LINE 2,06-Mar-19,18,4,1,3,4,0,0,L,L,WO,P,H,P,P,L,Ab,WO,P,P,P,P,P,P,WO,Ab,P,P,P,P,P,WO,Ab,P,P,P,Ab,P,
EMP051,Sneha Rao,LINE 2,06-Mar-19,16,5,2,4,3,1,0,WO,P,L,L,P,L,P,WO,L,Ab,P,P,Ab,P,WO,P,P,DP,Ab,P,P,WO,P,P,P,H,H,P,WO,P,P
EMP051,Sneha Rao,LINE 2,06-Mar-19,15,4,1,3,6,0,1,P,P,P,Ab,WO,L,OT1,L,P,P,P,WO,Ab,P,L,Ab,P,P,WO,P,Ab,P,P,H,Ab,WO,Ab,P,P,P,
EMP051,Sneha Rao,LINE 2,06-Mar-19,20,7,2,1,0,1,0,L,H,WO,P,P,P,P,P,WO,WO,H,P,P,P,P,P,WO,P,P,P,P,DP,P,WO,P,P,P,P,P,WO,WO
